big_cat,small_cat,product_id,product_name,review_text,review_summary
mealkit,100002491,4872736184,애슐리 봉골레 크림 빠네 파스타 (2인분) 쿠킹박스 밀키트 생일상 홈파티 집들이 세트요리,"['재료준비 완벽히 잘 되어있고 레시피 보고 따라만하니 쉽게 만들고 맛은 보장된 맛이라 아이들이 정말 맛있어했어요. 특히 빠네  빵 파내는것도 재밌어했고 빠네를 크림소스에 먹으니 입에서 살살 녹아서 제입에도 애들 입맛에도 딱이었어요. ', '만드는 것도 쉽게 맛있게 잘 먹었숩니다  빵도 맛있고 크림파스타도 맛있었어요 ㅋㅋㅋ 처음에는 엄청 맛있는데 2/3부터는 살짝 느끼함이 올라오더라고요 ㅋㅋ 갠적인생각인데 취향대로 넣으라고 청양고추 다진걸 조금 넣어주시면 끝까지 안느끼하고 맛있게 먹었을 것 같습니다 바지락도 깨끗히 씻어서 들어 있어서 그리고 변한것도 없이 상태 좋은 애들로 들어 있어서 다 맛있게 먹었습니다 ', '너무 맛있어요 빠에 파스타 너무 먹고 싶었는데 직접 해먹으니 어렵지 않고 맛있네요 하나만 사도 둘이 먹을 수 있고 빵도 너무 맛있네요 ', '빵은 에어프라이어기에 돌렸는데 바삭해서 좋았습니다.  🎈 ', '찐하고 고소하고 크림 파스타가 먹고싶을때 시키는 애슐리빠네크림파스타. ', '우선 맛은 좋아요 빨간 고추가 들어있어서 매콤하니 느끼하지 않더라구요 ', '맛있고 간편합니다. 빵은 오븐이 있다면 돌려서 먹을때 더 맛있어요~ ', '파스타도 봉골레 베이스가 추가되어 더욱 맛있어 진것 같습니다 ', '소스도 뻑뻑하고 집밖에 나가는것이 힘들고 바빠서 바로 먹을수 있는 밀키트원했는데 애슐리 초심을 잃었군요  만들기도 너무 불편하고 맛도 진짜 없어요 ', '크림맛이 이상해요..... 제께 상한건지 참 ;; 맛이이상해서 고춧가루 좀 넣었는데도 크림파스타 맛이 아니라 좀 이상해서.. 빵은 맛있어요.. ']",빵이 정말 바삭하고 맛있어요. 소스가 뻑뻑하지만 고추가 들어있어서 매콤하고 느끼하지 않아요.
mealkit,100002496,4736265860,충무로38한우곱창전골,"['곱창 잡내 1도 없고 질기지도 않고 쫀득쫀득한데 국물은 매콤하고 깔끔해요 이 칼칼한 국물에 소주 6병 일도 아니겠는데요??😎 지난번에 매장에서 너무 맛있게 먹었었거든요 ', '곱창 대창 염통 다 질기지 않고 잡내도 나지않아서 너무 맛있게 먹었어요^^ 고민하고 있었는데 오늘바로 배송이 와서 덕분에 맛있는 저녁먹었어요!! ', '포장 완벽하구요, 고기부위도 종류별로 많아서 다양한맛을 느낄수있었구요, 결론은 맛있습니다. ', '진짜 맛있어요 창원에 살아서 가게가서도 먹어봤는데 똑같이 맛있고 오히려 고기 양이 더 많은 느낌 ? ㅠㅠ 너무 맛있어서 맛보고 다른 친구집에 연말선물로 하나 보내줬어요ㅠㅠ ㅠㅠ hearts; 버섯도 통통한 새송이랑 팽이버섯 왔는데 역시 존맛  끓이면서 먹으면 더 맛있다고 했는데 휴대용 버너가 없어서 ㅠㅠ 다음엔 친구한테 버너 빌려서 먹어보려고요,,(또 먹을 핑계) 한식처돌이라서 느끼한거 예민하고 잘 못먹어가 곱창전골치고 기름도 별로 안 뜨고 소주 땡기는 맛 ㅎㅅ ㅎ 소주랑도 먹어야 하니까 꼭 한 번 더 먹어야겠네요 진짜 너무 너무 맛있어서 1인 1소스 하고 싶어요 간장 소스 같은데 넘 맛있고 곱창전골이랑 넘 잘어울려요 맛있어서 울뻔 했어요 ', '요리못하는 1인으로 설명서 순서대로 하니 세상편함ㅋㅋ 곱창전골보다 원래 구이를 선호하는편인데 먹어보니 진짜 맛있습니다. 울집에서 입맛 젤 까다로운 오빠도 맛있게 잘먹고... 전골 싫어하는 엄마도 국물이 깔끔하다면서  맛있게 잘먹었다고 하시네요^^ 국물맛이 진하면서 구수한맛도 나고... 글고 찍어먹는 소스도 단듯하면서도 청양고추가 들어있어서 살짝 매콤한맛이있어 찍어먹음 느끼함을 잡아주는듯한 뭔가 중독성이 있는맛이에요... 남은 국물은 국자로 퍼 먹을정도로 진짜 맛있었습니다. 맛있게 잘 먹었습니다~♡ ', '이건 국물 맛과 관련된 부분이라 업체에서 제일 맛있는 조합으로 하셨을 듯 합니다. 곱창전골 좋아하는데 먹어본 맛집들과 비교해서도 맛 훌륭합니다. ', '일단 정말 맛있어요.... 우삼겹과 염통도 있어서 골라먹는 재미도 있고 무엇보다 국물이 엄청 진하고 구수하면서 고춧가루 추가해 먹으니 칼칼해서 맛있었습니다. 이후에 볶음밥 먹을때 찍먹소스 부어서 먹었는데 그것도 엄청 맛나더라구요 ㅋㅋㅋ 진짜 잘먹었어요. ', '냄새 때문에 걱정했는데 전혀나지않고 너무 맛나게 잘 먹었습니다^^ ', '깔끔한 맛이라는 글도 봤는데 저는 텁텁하면서 닝닝? ', '고기가 아예 녹아서 갈색으로 젖어있었어요 느끼한것만 빼면 맛있어요 ']",고기 부위가 종류별로 많아서 좋았어요. 잡내도 나지않았구요. 국물도 매콤하고 정말 맛있어요.
mealkit,100002493,2264114915,감바스 알 아히요 (2인분) 외 우리집 홈스토랑 메뉴,"['다만 야채개봉할때 살짝 썩은내가 나서 한참을 재료 하나하나 냄새른 맡아밧네요~ 설명서대로 조리해서 먹어보니 꽤 괜찮읍니다~^^ ', '야채도 적당히 골고루 들어 있어서 새우와 같이 먹으면 조화가 괜찮습니다. 그리고 빵에 바르는 마늘소스도 개인적으로는 너무 달았네요, 감바스는 여전히 맛있었습니다. ', '빵이랑 같이먹으면 너무 맛있어요!! ', '코로나가 퍼지기 전 1월초 다녀온 스페인에서 먹은 것 보다 단언컨대 더 맛있습니다! ', '올리브오일에 빵 찍어 먹으니 맛있네요 ㅎㅎ ', '정량이니 간도 딱 맞고 오동통한 새우와 싱싱한 채소 뇸뇸. ', '맛은 향신료 톡쏘는 맛과 고추의 알싸한 맛이 좋았습니다. ', '큰새우, 버섯,로즈마리,편마늘,페퍼론치노 구성에 시즈닝배합이 딱맞아 넘 맛있습니다 ', '마늘듬뿍해야 맛있는거같아요 맛 : 조금 짜긴한데 대체적으로 맛 괜찮았어요! ', '화학조미료맛심함.  ㅇ ']",조금 짜지만 올리브오일에 빵 찍어먹으니 너무 맛있어요.
mealkit,100002491,4248890629.csv,34년 전통 일산교자 수제 닭칼국수 밀키트 맛집 택배 칼국수 밀키트,"['육수 진하기도 옅어졌구요. ', '(1인분이니까요) 좀 더 있다가 육수가 많기 때문에 조큼 남겨놨다가 밥넣고 계란 하나 무심히 툭 넣어서 죽을 해먹어여.. ', '1인분만 끓였는데 양도 너무 많고 끓이다 국물한번 떠먹고 뒤로 쓰러졌어요 진하고 정말 맛있는 국물맛에 놀라 신랑이랑 뒤로 자빠졌습니다 다 끓이고 면을 먹어봤는데 진짜 쫠깃거리고 밀가루냄새도 안나고 진짜 정말 리얼리 맛있었어요 그리고 겉절이도 달고 안맵고 배추풋내안나고 맛있고요! 닭비린내도 안나고요! 괜히 30년전통의 맛집이 아니었어요! 사장님 번창하시고 건강하시고 많이 파시고 맨날 맛있는 칼국수 만들어주세용♡♡ ', '국물이 진하고 담백하니 맛있어요~ ', '너무맛있어서 재구매했어요 칼국수면넣어서 끓여먹으니 우리집이 맛집이고ㅜㅜ 김치도 정말 칼국수맛집가면 주는 그 김치라 너무맛있어요ㅠㅠ ', '(같이주신 김치로 맛나게 순삭) 이번 여름 다가오는 복날에도 추가주문해서 가족들과 함께 먹어야겠어요^^ ', '저 닭칼국수 처음 먹어보는데요, 너무 맛있네요! 더구나 김치도 있고 하니깐 간 추가로 안치고도 충분히 적당하게 즐길 수 있어요 ㅎㅎ 김치맛 정말 정석👍👍🥺❤ 2. 종종 시키겠습니다!! 잘먹었습니다❤❤ ', '칼국수는 그냥 여기가 제일 맛있어요~ 여기는 옛날부터 계속 맛있었음 그리고 칼국수집은 김치가 제일 중요한데  여기 김치도 맛있음  이집은 칼국수, 해물파전, 만두 다 맛있음..! 칼국수 면 적어보였는데 끍이면 엄청 많아요 ', '그냥 두가지맛을 한번에 즐긴다고 생각하고 먹고있는데 맛있네요 오히려 닭육수였으면 저한테 좀 비렸을수도 있겠다싶어욬ㅋㅋㅋ 아무튼 맛있어서 마음이 누그러집니다ㅋㅋ ', '들깨를 안넣어서인지 명동칼국수처럼 걸쭉하지도 않고 뭔가 특별한 맛이 느껴지지 않네요. 김치도 마늘향이 깊은 것도 아니고.. ']",같이 주시는 김치가 달고 안맵고 배추 풋내도 안나서 정말 맛있어요! 국물도 정말 맛있구요.
mealkit,total,348622358.csv,누가 끓여도 우리집을 맛집으로 만들어주는 이귀남찜닭 (3-4인용),"['맛있어요. 매콤해서 더 안느끼하고 맛있는것같아요. ㅎ 외식 할 필요 없을듯~ 조리도 간편하고 맛도 굿~ 가격에 비해 닭은 작지만 당면이 많아서 둘이 먹고 남았어요~  밥까지 먹을 생각하면 3.4명도 먹을수 있을것같아요~ ', '너무 맛있습니다 매운걸 좋아하는 가족이라 다 넣고 먹었는데 매콤하니 정말 맛있게 먹었습니다 ', '저희집 초딩들 입에도 맞구요  호불호가 없이 전 연령이 즐길 수 있는 맛있는 찜닭입니다 덕분에 맛있는 찜닭 먹을 수 있어 너무 좋네요 ', '매운맛이 기본이라셔서 아이들 때문에 건고추 빼고 했는데 괜찮았네요^^ ', '닭이 신선하고 조리법과 재료가 꼼꼼하게 포장되어 도착하였답니다. 너무 맛있게 잘 먹었습니다. ', '생닭이구 야채에 너무 신선해서 밭에서 막 수확한 것 같아요. 전 일요일 날 먹을거라 닭 한번 씻어서 물과 소스 넣고 하루 정도 재다 먹었는데 와 진짜 맛있어요. ', '포장이 꼼꼼히 되어있어도 아이스팩이녹아 맛은 정말 맛있지만 닭에서 약간 비린내가 나서 후기를 그대로 남겼는데 사장님이 고객을 대하시는 모습에 저는 정말 놀라기도하고 감동도 받았습니다. 이귀남 찜닭 강추합니다. ', '건고추 넉넉히 주셔서 반만 넣었는데도 매콤해요. 너무너무 맛있어요. ', 'Sns에 왜 유명한지 모르겠음  짜고 깊은맛이없다   물을 좀더붓고 더 끓였더니 그나마 나아졌는데  칭찬만 자자한 sns  입맛은 개인적인거지만  이해가안갔던제품 ', '양념이 맛있어요 ']",양념이 매콤하고 맛있어요. 호불호 없이 전 연령이 즐길 수 있지만 깊은 맛은 없어요.
mealkit,total,4746882567.csv,바지락 칼국수 수제비 칼제비 2인분 팔공산얼큰이,"['육수가 진해서 집에 있던 감자도 같이 넣었어요. 정말 맛있게 한 끼 해결했어요! 칼국수 면발은 얇아서 금방 익을 것 같아 수제비 먼저 투척 후 칼국수의 밀가루를 물로 헹궈서 면을 넣어줬답니다. ', '바지락도 너무 신선하고 배추랑 미역이 수제비랑 같이먹으니깐 너무 맛잇어요 ', '진짜 맛있구여ㅜㅠㅠ 국물이 넘 맛있어서 밥도 한공기 떠서 둘이 나눠먹었답니다... ', '요즘 집에서 집밥만 먹다보니 면이 먹고 싶었는데, 정말 일부러 찾아가서 먹을만하단 생각이 들 정도로 맛있네요. 칼국수 색이 노란빛을 띄어서 더 맛있게 느껴진다고 아이가 그러더라구요. 수제비도 칼국수도 쫄깃하니 너무 맛있었어요. ', '수제비 반죽도 적당해서 뜯는데 편했어요~~바지락수제비를 이렇게 쉽게 집에서 맛볼 줄이야~~담에 또 시킬께요^^ ', '자주 먹고 있는 제품이고 너무 맛있어요. 냉동실에 넣어두고 먹어도 맛있어요. ', '칼국수 칼제비 엄청 좋아해서  맛집 일부러 엄청 찾아다니는 1인입니다:) 유명맛집 칼국수를 이렇게 빠른 배송에 간편하고 맛있게 즐길 수 있어서 너무 좋네요👍 색깔만보면 매울거 같았는데 맵찔이 분들도 맛있게 먹을 수 있을 정도입니다! 텁텁한 칼국수 맛 아니고 전체적으로 깔끔한 맛이라  더욱 맛있게 먹었습니다! 간장이나 소금간 등 따로 추가해서 더 넣지않고 그대로 먹어봤는데, 저는 간이 딱 알맞았네요! ', '정작 대구거주할땐 사람들 많은거 흘끗 보고 지나가며 한번도 못먹어봤는데 서울와선 우연히 타임세일 문구보고 구매하게 되었네요. 조리법대로 물 양 맞춰서 했는데 저희입엔 조금 짜서 물 좀더 넣으니 맛있네요. ', '간 자체가 안되어있어 밍밍하기만 하고 맛이라는거 자체가 없어요. ', '수제비 반죽이 쫄깃해야되는데 탄력없이 흐물흐물해서 식감이 안좋고 육수도 감칠맛이 없어요. 바지락은 해감이 잘 안돼 모레가 씹히고 깨진 조개까지 씹혀 총체적 난국ㅠㅠ 평소가던 인천 벌말 매운탕 집이 워낙 수제비 맛집이라 심히 비교가 되네요. ']",육수가 진해서 국물이 넘 맛있어요. 수제비 칼국수도 쫄깃해서 좋아요.
mealkit,total,691648926.csv,[식스레시피]감바스 알 아히요 쿠킹박스(2인분),"['집에서 술 안주로도 좋고~ 밀키트라서 재료들이 다 준비되어 오기 때문에 하나하나 살 필요없고~ 재료 남아서 걱정할 필요없고, 특히 식스레시피 감바스 알 아히요는 새우도 탱글탱글하게 크더라구요. 새우랑 마늘이랑 올려서~~먹으면 짱 맛나요 ^^ 그래서 더 풍미가득한 것 같아요. 그냥 오일에 찍어먹어도 맛나요. 오일에 마늘의 풍미가 가득하거든요 ^^ 어느정도 남았을 때 파스타 면을 넣고 오일파스타 만들어 먹어도 맛있어요. ', '특히 새우가 진짜 실하고 탱탱하고 식감 장난아니고 맛있더라고요 진짜 핵존맛탱  마늘얹어서 같이먹었더니 저 잠깐 저세상 다녀왔답니다 넘넘 맛있어요 ', '', '그때 너무 맛나게 먹구 엄마아빠가 눈에 밟혀 또 바로 주문해서 해드렸는데 너무 좋아하셔서 뿌듯했어요 단음식이기 아니구 살짝 매콤하다보니 어른들 입맛에두 좋은가봐요^^ ', '빵이 특히 맛있습니다! 방울토마토 추가해서 먹으니 더 맛있어요 ', '근데 딱적량으로 재료가 오니까 순서대로만 했을뿐인데 너무맛있게 완성이되고, 간편하고, 전체적으로 배송포장상태부터 요리를다했을때까지 만족대만족 이였습니다. 감바스에 새우도 진짜 엄청통통하고 커서, 가격대비 대만족입니다ㅎ 빵도 엄청맛있어요! ', '맛도좋고굿입니다~ 맛있다고잘먹네요. 새우랑바게뜨가맛나다며.. ', '재료도 아낌없이 많이 주시고, 음식도 맛있고 편하고. ', '감바스맛은평범하네요 새우가신선해요 ', '참 빵이 맛이없어요. 집주변 빵집에서 바케트빵 사서 드시는것을 추천합니다. ']","빵이 특히 맛있고, 새우도 탱글탱글하니 너무 맛있어요."
mealkit,total,4079851993.csv,애슐리 오리지널 까르보나라 떡볶이 2인분 밀키트/쿠킹박스,"['요리에 필요한 재료들이 꼼꼼하게 들어있어서 아주 편하고 맛도 매우 좋았습니다 소스가 아주 많이 들어있어서 좋아하는 면사리를 넣었더니 더욱 풍부하게 즐길 수 있었고요 기호에 따라서 고추를 썰어넣으면 매콤하고 고소한 게 끝도 없이 들어가네요 ', '소스가 맛있어서 볶음밥에 비벼 먹으니 리조또 같은데 그보다 덜 느끼하고 좋아요. ㅎㅎ 까르보나라 소스에 몽골리안 덥밥 비벼 먹으면 엄청 맛있거든요. ', '크림이 느끼하지않고 맛있어요. ', '이번 떡은 예전만큼 부드럽지 않더라구요. ', '완전 맛있어요! 씹히는 맛이 알싸,매콤해서 느끼하지않아요ㅎㅎ ', '소스가 진해서 맛있어요. 좀 느끼할 것 같아서 안동찜닭 밀키트에 들어있던 건고추랑 후추를 더 넣었더니 맛있었어요. ', '파지타는 어떻게 만들어 먹느냐에 따라 맛이 달라지는... 퀘사디아 맛났구요 ', '더 느끼하게 먹고 싶어서 치즈 한장 추가했다가 짜서 죽을뻔 했어요 ', '저번엔 크림소스가 너무 고소하고 맛있었는데 이번엔 후추를 얼마나 왕창 크림소스안에 넣었는지 ', '바뀐 건 소스가 아니고 그냥 크림만 있어서 전이랑 맛이 완전 다릅니다 떡은 마지막에 쓴맛 나고 전체적으로 이상했어요 ']",떡이 부드럽지 않고 전체적으로 이상했어요. 소스는 크림이 느끼하지 않고 맛있어요.
mealkit,total,569281876.csv,안방에서 즐기는 ~ 안동시장 찜닭 쿠킹박스(2인),"['조리도 간편하고 맛도 있고 양도 많고 좋습니다ㅎㅎ 육수가 달달해서 밥볶아먹으면 진짜 맛있을거같은데 그냥 국물에 밥비벼먹는 것도 맛있어요ㅎㅎ ', '당근만 살짝 추가해서 애들 너무 맛있다고 ㅋ당면이 좀더 많으면 좋겠어요. 납작당면 맛나요 ', '달지만 맛있어요 ', '다만 간장소스가 너무 달아요. ', '댓글들 전부 읽어보고 좀 짜다는 이야기가 있어 미리 각오는 했지만 평소에 싱겁게 먹는 제 입맛엔 너무 짰어요.. ', '정육이 다릿살이라 부드럽고 버섯도 맛있는데 양념이 매우 달아요. ', '저번에 맛있게 먹어서 이번에 또 주문했는데 같은거긴한데 약간 심심한 느낌? ', '보내주신 육수만 부어도 맛이 약해지않아요. 소스가 정말 구미를 당깁니다. ', '닭에서 심하게 닭비린내가 나요. ', '너무돈아깝고 너무 맛없었어요 ']",소스가 좀 짜고 과하게 달달해요. 그래도 맛있어요.
mealkit,total,4596972442.csv,"프로즌 5분완성 마라탕 (2인분) / 야채3종, 마라재료6종, 소고기 등 10가지 재료","['찍먹 부먹 다 가능 (전 다 좋음 ㅎ) 저는 만두같은것도 넣어서 먹어봤는데 죤맛탱입니다. 친구들중에 향때문에 쌀국수 안먹는 친구들도 많아서.. 순한맛보단 확실히 맛은 강할것같긴한데 다음에 또 시키게 되도 저는 자극적이고 향이 강한걸 먹을것같아요. ', '신선도 신선이지만 떡도 맛있고 건두부도 맛있구요! 옥수수면 추가한것도 아주 맛있었습니다. 사실 마라탕 중국당면 들어가줘야 더 맛있는데 양이 너무 적어서 아쉬웠어요. 마라 맛 맛있게 나면서 아주 잘 먹었습니다. ', '마라탕을 좋아하는동생이 꼭 먹어보라하여 손쉽게 집에서 먹을수 있는 것을 알아보다 제일 간편하고 손쉬운 프로즌 마라탕을 찾아 구매하였습니다  처음 접하는 사람을 위해 순한맛/ 진한맛 나누어져 있어서 좋았어요 ! ', '내용물이 완벽하진 않지만 집에 있는 야채를 추가해서 먹으니 맛있습니다 ', '와 진짜 맛있었어요~ 집에 있던 어묵이랑 콩나물 더 넣고 끓였더니 더 푸짐해졌네요. 그래도 진짜 맛나게 먹었어요! ', '딸의 말대로  중독성 있는  맛이네요. 맛있고 깨끗한 음식 감사합니다. 추가로  숙주랑 청경채  더 넣어서 먹었더니  아삭아삭 더 맛있게 먹었습니다. 냉동 보관상태  깨끗하고  고기도 붉은 빛이 진한게  상태 좋았구요. ', '배달마라보다 천만배 맛이 좋습니다 ', '진한맛 먼저멱었는데 맛있어요 순한맛도 맛있기를 ', '그러니 채소도 흐물흐물하고 다 얼어터져서 건져지지도 않고 맛도없고 싱싱한지 구별도 안되잖아요. 쓴맛도 있고요. 펜넬+팔각    쓴맛 때문에 진짜 맛 없었어요. 국물에서 담백하면서 감칠맛이 내는 약간의 단맛 조차도 없어서 다신 먹고싶지 않아요. 피쉬볼이랑 당면은 괜찮았습니다. ', '평소에 마라탕 맵게 먹는것도 좋아하고 향신료도 잘 먹는편인데  진짜 화장품 향 나요 ,,,ㅠ 제 입맛에는 너무 안 맞아요 ']",순한맛 진한맛으로 나눠져있어요. 재료 더 넣어서 먹으니까 맛있어요.
mealkit,total,5142361686.csv,은영이떡볶이 밀떡 로제 짜장 쌀 떡볶이 밀키트,"['너무너무 맛있네요 시즈닝을 순한맛으로 선택했는데 보통맛 이상으로 주문해도 될것 같아요 너무 맛있게 잘먹었습니다 ', '보통맛 주문했는데 먹을땐 살짝 매콤했지만 개운한 매운맛입니다 떡이 쫄깃하고 어묵 너무 맛있어요!! 떡뽁이 밀키트 여러가지 먹어봤는데 은영이 떡뽁이 재구매 100%입니다 ', '포장도 깔끔하고 맛도 좋고👍🏻 덕분에 떡볶이로 한끼 잘 때우고~ 몇개 안시켰는 데 많이 시킬 걸 후회하는 중입니다~ 일단 맛있어요.. 떡볶이 다 비슷비슷 한거 같아도 맛있는 떡볶이는 따로 있네요😊 매운맛, 순한맛 두개 다 끓였는데 일단 떡볶이 좋아하는 우리딸은 둘 다 맛있다고 하고, 매운거 먹으면 큰일나는 줄 아는 7살짜리 아들은 순한맛 잘먹었어요~ ', '떡이 진짜 바로 뽑아온 떡으로 한 것처럼 쫄깃쫄깃하고 맛있네요. 어묵도 맛있고~~아이들이 해먹기도 간편하고 좋겠어요. 국물떡볶이 좋아하는데 맛도 있고 간편해서 재구매합니다~ ', '먹을때는 약간 매운데 먹고난후 매운맛이 남지 않고 깔끔하네요 ', '순한맛, 보통맛의 차이는 달달함 차이가 있구요~~ ', '떡볶이는 매운게 맛인데 순한맛 역시 너무 훌륭한 맛이네요~ 맵지않지만 맛좋은?ㅋㅋ ', '너무 맛있는 은영이 떡볶이💕 재재재... 구매  기다리다 눈물나고 기뻐서 눈물나고 맛있어서 눈물나는 은영이 떡 볶 이 🥳  차곡차곡 꼼꼼히 넣어서 꽝꽝언 생수 두병과같이 잘 도착했습니다. 콧물나게 매운맛 먹고나면 행복해지지요. ', '집에서 해먹는 떡볶이 맛이고 개인적으로 멸치맛이 많이 나서 아쉬웠어요.. 떡이 정말 쫄깃하고 맛있습니다. ', '개인적으로는 조미료맛이 너무 강해서... ']",떡이 정말 쫄깃쫄깃하고 맛있어요. 보통맛은 살짝 매운데 깔끔하네요.
mealkit,total,4540931944.csv,50년전통 부산 조방낙지 낙곱새,"['라면사리를 넣어서 조금 뻑뻑했어요 그렇다고 느끼하지는 않아요 . 너무너무 맛있어서 왜 제가 처음부터 두개 끓이지 않았는지 제자신을 원망하고 또 원망하며 먹었습니다ㅋㅋ . ', '낙곱새는 일반 낙지볶음이나 쭈꾸미, 오징어 볶음과 같은 요리와는 달리 국물이 많아요~ 너무 오래 끓이면 새우의 수분도 다 빠져 작아지고 곱창과 낙지는 질겨져요.. 요거 끓이고 부침개와 같은 사이드 메뉴 하나 더 준비해서 맛있게 밥에 비벼먹고 남은 국물로 김가루 듬뿍 뿌려 볶음밥까지 야무지게 해먹었어요~~^^  여기서... 지키셔서 맛있고 푸짐한 낙곱새 드세용~~~  덕분에 타향살이하며 부산 조방앞의 낙곱새 메뉴 한껏 즐겼습니다~^^ ', '저는 처음 주문해서 낙곱새라는 걸 처음 먹어봤는데요. 양념 맛을 헤칠까봐 우동 사리나 당면은 추가하지 않고 다 먹고 나서 양념에 밥에 김치,  김 넣어서 볶아 먹었는데 이것도 너무 맛있었어요. 콩나물은 데쳐서 넣으면 번거로울 거 같아 처음 육수 넣고 끓일 때 부터 넣었는데 식감이 맛있고 좋았어요. ', '양념은 정말 맛있었구용!! ', '진짜 맛있네요. 밥에 비벼먹으니까 더맛있어요.. 곱창들어가서 냄새가나진않을까했는데 전혀 냄새도 없고 맛있네요! ', '너무 맛있어요. 곱창도 생각보다 너무 맛있고 부드러워서 놀랐어요. ', '맛은 인정! 그리고 2개 샀는데 하나는 곱창 정말 곱도 많이 들어있고 최고였고 하나는 곱창이 그냥 쏘쏘ㅎ 암튼 너무 맛있고 양도 괜찮네요. 않고 맛있었어요. ', '다만 처음 끓였을 때는 다진마늘의 풍미가 강한편이었습니다. ', '심지어 껍질이 너무 질겨서 아예 씹히지도 않아요. ', '받자마자 1팩은 바로 끓여먹었는데 대창도 낙지도 다 질기네요. 대창은 진짜 넘 질겨서 고무줄씹는거 같아서 가족들이 다 못먹고 버렸어요~ㅠㅜ  제 개인적인 의견으로는 맛도 평범하고 먹다보면 좀 느끼하고 재구매할 생각은 전혀 안드네요. ']",곱창이랑 낙지가 조금 질긴 듯하지만 양념이 맛있어서 좋아요.
mealkit,total,4565223387.csv,닥치고떡볶이 2인분,"['그런데 제가 후기를 작성하게된것은 정말 전국떡볶이 맛집 다 다녀본 덕후로서 남기지 않을수가 없어서였고,좋은것은 나눠 먹어야된다고 생각해서이고,마지막으로 진짜 이유는 여기업체가 망하지 않아서 평생 먹어야된다는 지극히 개인적인 생각에 작성합니다. 저는 서울 5대 떡볶이포함, 전국 떡볶이 맛집 떡볶이,그리고 온라인상에서 유명하다,핫하다는 대표적인 떡볶이 다 먹어봤습니다. 네번째&lt;친절한 사장님&gt;  제가 맛집 많이 다니는것을 좋아하는데,이글을 쓰는 어제도 1시간 기다려 맛집 다녀왔습니다. 맛집이 되면 꼭 불친절한 사장님들이 많이 보입니다. 그런집은 맛집이라도 다시는 안가게되더라구요. 라면도 물 조절 실패하면 맛 없습니다. 몇번이나 먹어봤지만 한마디로 존맛탱입니다. 밖에서 맛집 떡볶이 먹으려 추운날,더운날 1시간 기다리며 사먹는것보다 비교도 안되게 낫습니다. 그런데 육수가 맛이 있어야 모든음식은 맛이 있지요. 예를 들어 가끔 남은 곰탕육수로 부대찌개를 끓이면 평소보다 깊은맛,감칠맛이 납니다. 남는 소스가 진득한 형태가 되면 밥을 볶아서후라이팬에 눌리면,어느 맛집에서 마지막에 먹는 볶음밥 이상의 맛이 납니다ㅠㅠ ', '미친맛은 제 기준 진짜 넘나 맵고 ㅋㅋㅋ 기본맛은 아 쪼금만 더 매웠으면 좋겠다~~ 처음먹어보는 탱글한 맛!! 싶을 정도로 ㅋㅋㅋ 오뎅이 맛있어요 ㅋㅋㅋ 중국당면 자체를 처음 먹어보는데요. ', '간도 딱 적당하고 양도 많고 소스가 특히 맛있네요 ', '떡도 맛있고 오뎅도 맛있고 하지만 역시나 식으니까 떡 식감은 좀 떨어지고요  개인적으로 단맛을 약간 뺏으면 ㅠㅠ 미친맛 엽떡 보다 안매워요 ', '떡볶이 너무 맛있어요! 물 1컵 정도 더 넣어서 국물 떡볶이로 먹었는데 적당히 매콤하고 달달해요. 밀떡도 쫀득쫀득하고 웬만한 떡볶이보다 맛있네요!! ', '달달하고 감칠맛있어서 계속 먹게되요~ 매운맛은 너무매울까봐 기본맛시켰었는데,,기본맛도 조금은 더매웠어도 좋았을거같아요~~ ', '개인적으로 물넣는거보다 그냥 하는게 더 맛있어요~~ ', '일단 기본맛만 먹어봣는데  입땔꺼없이 진짜 맛잇어요 ㅋㅋ 인스타보고 혹해서 주문해봤는데  떡볶이맛집찾아다니는 저로서는 200프로 만족합니다 ', '사람마다 입맛이 다르고 취향이 다르니까요😅  깔끔한 포장도 마음에 들었고요 워낙 평도 좋고 구매하기가 너무 힘들어서 겨우겨우 구매했습니다~😆 매운걸 잘 먹지 못하는 저한테 기본이 딱 맞았지만 신전이나 엽떡 좋아하시는 분들이라면 기본맛이 무척 맹맹하고 싱겁게 느껴지실 수 있습니다 육수맛도 나고요  떡은 쫄깃쫄깃 하니 좋았지만 맛이 다 베이진 않더라고요 양념이 진하지 않은데 오뎅맛이 강해서 그냥 약간 매콤한 오뎅볶음 먹는 것 같아요 남동생은 오뎅맛이 강해서 호불호가 있을 것 같다고 하네요 맛이 없다는게 아니라 제 개인적으로 떡볶이 하면 떠올리는 맛이나, 또 워낙 기대가 컷던터라 약간의 아쉬움이 남아서 별이 3개예요 ', '인위적인 맛이 강한 느낌입니다... ']",적당히 매콤하고 달달해요. 기본맛도 조금은 더 매웠어도 좋았을 것 같아요!
mealkit,total,4972249459.csv,자미곱 한우곱창구이 대창구이 밀키트 파김치 소스(자갈치미가 당일도축 최상급 소곱창 맛집),"['서서히 느껴지고 먹는양도 늘어요 익안에섬빵터지는기름맛은 덜해요~~ 속 기름이 30~40프로는 빠진상태인데 빠삭한식감과 따뜻한기름이 같이먹어져서 맛있었어요 그리고 느끼함도 .. ', '간장 소스 가득 묻히고 한입 씹으면 겉은 바삭하고, 안에서 기름이 팡 터지는데 그 기름이 거북하지 않고 너무 맛있어서 진짜 언니랑 감탄하면서 먹었어요. 근데 자미곱 한우 곱창은 곱창을 안 좋아하시던 할머니가 다른 곳과는 달리 고소하고 맛있다며 많이 드시고, 인위적인 곱에 예민한 언니도 여기는 그런 게 없어서 맛있다며 좋아했습니다. 제가 주문한 곱창 역시 곱이 없는 부분도 있었지만, 전체적으로는 너무 맛있게 먹어서 적극 추천드리고 싶습니다◡̎   💚 ', '몇일젇에  4명이 (2명은 술을 못마시네요~~)함께 곱창집에서17원짜리를  10인분을 먹었는데요  20 만원이 넘게 나온거예요 이가격에 맛있게 먹을수 있는 한우곱창을 푸짐하게 먹을수 있는 곳이 있지 않을까 해서 폭풍 검색을 했어요 냄새가 안나서  곱도 고소해요 하시면 맛도 가격도 너무  좋은거 같아요 ', '저희는 고소한대창기름에  곱섞어 볶음밥을 너무먹고싶어서 저만큼주문했는데 완전 딱이었습니다^^ 곱창또한 잡내없었구요 곱도 가득가득 입에 씹을때 터지는 곱 고소한내가 완전 최고였네요^-^ ', '근데 ㅇㅁ님이 파김치랑 대청을 처음부터 끝까지 너무 맛있게드시고 돌아서면 그 영상이 생각나고 하루에 몇번씩 보다가 구입했는데 너무 맛있어요ㅜ ', '대창 퀄리티가 맛집 대창이상이네요👍👍 마늘고추소스같은거 이거 따로 사고싶을정도네요. 잘먹었습니다! ', '같이 주신 파김치도 너무 맛있고, 소스 찍어먹는것도 별로 안좋아하는데 한번 찍어보니까 곱/대창이랑 찰떡궁합이에요 꼭드세요;;  볶음밥은 아직 안해먹어봐서 깍두기 그거 맛은 어떤지 모르겠네요 ', '대창이 곱이라고 생각하는 똥 멍충이는 없겠지만 저게 다 지방인걸 알면서도 고소한 맛에 먹는거잖아요?? 제가 요즘 대창먹방에 빠져서 꽤나 많이 여기저기서 시켜먹어봤는데 진짜 맛있어요!!! 대창은 살짝 굽는게 아니라 노릇하게 구워서 바삭한 소리가 드릴만큼 바삭하게 구우면 진짜 질기지도 않고 맛있는데 딱 그렇게 구울 수 있을 정도로 지방이 빵빵해요!! 근데 여기 대박은 곱창도 진짜 맛있어요 ㅠㅠ 비싼게 단점이지만 ㅠㅠ 진짜 넘 맛잇고 저 사진은 3봉인가 ', '곱창기름이너무많아요ㅡㅡ 냄새는안나는데 고소함이없어요 ', '곱창이 가늘어서 그런지. 구우면 질기고 기름도 넘 많아요. 파김치도 맛이없어요. ']",잡내도 없고 기름이 정말 많아서 고소해요.
mealkit,total,750844670.csv,[마이셰프] 월남쌈 쿠킹박스(2인),"['구성재료가 좀 아쉬워서 집에있던 오이랑 새우를 추가했어요~ 땅콩소스도 맛있고 괜찮은거 같아요^^ ', '깔끔하고 편리하고 맛있고 신선합니다 ', '월남쌈♡♡♡ 주말 가족과 맛있게 잘 먹었습니다^^ 새우가 있어서 추가 했더니 더 맛있네요♡♡♡ ', '한가지 아쉬운것은 고기양념이 너무 달았어요 ', '간편하고 채소도 신선하고 라이스페이퍼도 모자라지 않아요ㅋㅋ 파인애플과 고기 모두 넉넉해서 아주 맛있게 만족스럽게 먹었어요~ ', '채소들도 신선하고 고기도 소스 부어서 구우면 금방 조리할 수 있는 장점이 있구요! 소스나 다른 것들도 다 맛있었습니다^^ ', '집들이요리 적극추천 맛도좋고 모양도 예쁘고♡ 손님대접으로 완전 딱입니다! 재료구성도 알차고 소스도 다양해서 무척이나 맛있게 먹었답니다! ', '맛살 따로 추가하니 더 맛있어요!!!! ', '포장도 잘되어있고 간편해서 좋은데 쪼끔 부실해요 땅콩소스도 넘 묽고 ~ 귀찮더라도 월남쌈 정도는 집에서 해먹어야겠어요 ', '돼지고기는 핏물제거 하고 후추 뿌리니까 냄새 안 나고 괜찮았습니다 ']",채소가 신선해요! 새우 추가하니까 더 맛있네요.
mealkit,total,586183550.csv,밀푀유 나베 외 풍성한 전골메뉴 4종,"['그래서 친구들이랑 놀러갈 때에는 물론  집에서 맛있는 음식을 먹고싶을 때,  홈파티를 할 때 힘들게 재료를 다 사서  요리를 하지 않고 프레시지 밀키트를 이용하고 있습니다. 아 그리고 수제비가 들어가있어서 별미로 먹기 좋았고요 소스도 2가지라서 기호에따라 먹으면 굳  개인적으로 저는 땅콩이 더 맛있었어요 ', '육수가 생각보다 맛있어서 저도 놀랬네요 안에 들어있던 감자수제비도 쫀득하니 맛있었어요 ', '배추가 너무 익어 물러지면  맛이 덜해요. 원가 감칠맛은 부족해요.^^ ', '잘먹었어요! 그리고 땅콩소스가 너무 맛있었습니다. ', '진짜 맛있어요 ㅋㅋ 진공포장에 배추나 버섯들의 싱그러운 향기까지 살아있어서 이정도 관리가 되야 식품업로 돈벌겠구나 싶었습니다  추가로 마지막에 육수에 쌀국수까지 넣어서 먹으니 정말 맛있네요 요리 해먹으면서 사랑도 싹트고 맛있는 음식에 감동까지...!! ', '코로나 때문에 장보기가 너무 어려웠는데 덕분에 든든하게 잘 먹었습니다! ', '설명서대로 흐르는 물에 각각 깨끗하게 씻고 켜켜이 쌓아 잘라서 전골냄비에 숙주랑 수제비깔고 돌려가며 그림처럼 예쁘게 셋팅해서 동봉된 청경채랑 불린백목이버섯이랑 십자모영으로 살짝씩 잘라낸 표고버섯, 미니 새송이벗으로 가운데를 장식해서 끓인 나베육수를 부어주고 팔팔 끓으면 소스에코옥~~ 찍어서 먹으면 완전 맛있어요~~ ', '패키지 포장도 재료 하나 하나 잘되어있고 육수베이스도 들어있고(많이 짜다그래서 3분의2만 넣어먹음) 찍어먹는 소스도 2종류들어있고~ 고기양은 솔직히 적었으나 신선도 good이였고, 채소들도 전체적으로 상태 좋았어요. ', '육수는 평 그대로 맛있어요 ! ', '너무해요,,, 배추 버섯 청경채 는 상태괜찮고 ㅠ 깻잎은 다버리고 제꺼썼어요,,(있어서 다행,,,)   맛이야 뻔한 밀푀유나베 맛 나고요,, ']",육수가 맛있지만 조금 짤 수 있어요. 땅콩소스가 맛있어요.
bakery,total,4510393677.csv,"얼려먹는 아이스크림 폴라레티 모음전 - 후르츠, 헬로썸머, 트로피칼, 센소프레도 외 7종","['젤리스트로는 말그대러 젤리를 그냥 먹기도하거 얼려서도 먹음 더 맛있었는데 이건 과즙향을 쥬스처럼 각 봉지에 밀봉하여 스틱아이스크림으로 얼려먹는거네요. ', '다 먹을 수 있는 맛이라 좋아요. 어른이 먹어도 달지않고 정말 맛있어요. ', '아이 학원에서 주셔서 먹었는데 좋아하길래 구매해 봤어요, 일단 아이스크림 처럼 엄청 달달한 맛보단 과일처럼 상큼하고 달콤한 느낌이라 너무 좋아요 시원하고 달달해서 딱 여름에 먹기 좋네요! ', '이 맛들은 처음 먹어보는맛인데 과일함량이 두배더 들어 있어서 더 좋아할꺼 같아요.^^ ', '', '얼려먹으면 맛있어요. ', '한 맛이 역시 상큼달달 맛있어요^^ ', '맛도 깔끔. ', '맛이 깔끔하고 달지 않아서 좋았어요 ', '레몬맛이 없네요 ']",엄청 달지 않고 맛이 깔끔해요. 어른이 먹어도 달지 않아요.
bakery,total,2321835118.csv,"[호밀식빵, 900g 야생발효종 100%호밀 ] 장시간 저온 젖산발효 무첨가제 비건식빵, 샌드위치","['냉동실 쟁여두기 좋아요 호밀 특유의 신맛은 적응이 되어서 그런지 거슬림 없이 좋아요ㅎㅎ 맛 없거나 하진 않고 특유의 맛이 좋아용~ ', '오히려 제대로 빵맛이 나서 좋았습니다 그대로 먹어도 토스트해서 먹어도 맛있습니다 친구들 왔길래 진짜 맛있는 빵 찾았다고 맛 보여줬는데 둘다 자기들 입맛엔 별로라고&hellip;  밀도가 있어서 사이즈 대비 오래 먹겠다 생각보다 좀더 시큼하긴 했어요 저한텐 절대 불편한 신맛 아녔구요 ', '포장지 뜯으면서 시큼한 냄새에 한번 충격받고 스크래퍼로 자르는데 질감에 또 충격받았어요ㅋㅋㅋ 그렇지만 막 너무 격하게 시큼한 정도는 아니구요 통밀식빵이나 곡물창고 보다는 약간 더 강한 느낌? ', '고소하고 씹는 맛 있어요 건강한 간식으로 만족합니다!!!! ', '후기 꼼꼼하게 읽어보고 구매했는데, 제가 예상했던 맛이랑 비슷해요. 일단 제 입에는 잘 맞는 것 같아요. 그냥 먹었을땐 신맛이 좀 강하면서 고소한 느낌이고, 빵을 살짝 구운 후 먹으면 신맛이 덜해지네요. ', '아직 안와서 오늘은 치즈랑 계란후라이랑 아몬드치아버터만 발라서 먹었는데 맛있었어요! 저는 원래 호밀빵을 좋아해서 시큼한맛이 너무좋았어요ㅠㅠ ', '크기: 통밀 &gt; 호밀 (아주 살짝) 무게감: 통밀 &lt; 호밀 신맛: 통밀 &lt; 호밀  제 개인적인 생각일 뿐이니 참고만 해주세요~ 리앰 호밀식빵만의 신맛이 있어요~ 제일 맛있어요🥰  사진은 통밀빵이에요~ ', '100%호밀과 통밀빵은 먹어본적이 없지만 식품회사중 빵회사에 다니는 저로써 100% 호밀과 통밀이 사용되고, 야생효모를 사용한 빵이라면 퍽퍽함과 신맛이 꽤 날거라는걸 예상하고 호기심에 구매했답니다. 택배를 받고 호밀/통밀 각각 지퍼백에 소분하여 냉동보관한 후 다음 날 잠들기전 통밀빵 두조각 자연해동하여 다 다음날 아침에 후라이팬에 구워 먹어보니 너무 맛있더라고요! 빵순이인 저는 이 시큼하고 떡진맛이 너무 좋아서... 그리고 호밀빵도 먹어봤는데 통밀과는 다르게 더 시큼한 맛이나고 떡식감이 있더라고요! ', '식초맛 호밀빵 처음 먹어봤어요. 담백한 빵맛이 전혀 없고 그냥 식초에요.ㅠㅠ 함께산 타르트는 담백하니 정말 맛있었습니다. ', '다른데서 샀던 100프로 호밀빵은 이정도 아니었는데 이건 신맛이 너무 강해요 ']",호밀 특유의 신맛이 강하게 느껴질 수 있어요. 고소하고 좋아요.
bakery,total,2955223882.csv,떡공방형제 쑥인절미1kg/ 현미쑥인절미1kg,"['이런것도 있던데 갓 한 떡처럼 맛나게 먹었네요 떡종류는 시장이나 동네 오래된 떡집에서 사먹는게 왠지 인터넷 주문보다 믿음이 갔는데 여기 떡 너무 맛있네요!!! 맛보기 떡 보내주신것도 달지않고 참 맛있네요 맛있게 먹었어요 ', '진한쑥향에 해동시키니까 부드러우면서 쫄깃한 식감과 간도 딱맞고 넘맛있어요~ 같이온 콩고물은 또 얼마나 고소한지 그냥먹어도맛있고 콩고물에 묻혀서 먹으면 고소해요~ 참~맛뵈기로 흑미찹쌀떡하나왔는데 위에 고명이 맛있더라구요~^^ 쑥찰떡 완전 강추에요~ ', '식감도 너무 늘러붙지 않고 쫀득하니 딱 좋아하는 떡 맛이네요.. 같이 보내주신 떡도 너무 맛있게 잘 먹었습니다.. ', '부모님이랑 나눴먹었는데, 부모님 입맛이 까다로운데도 쑥향도 많이 나고 진짜 맛있다고 하세요. 진짜 맛나네용 들기름발라서 구워먹어도 맛나고, 해동해서 주신 콩고물에 찍어먹어도 맛나고, 그냥 맨걸로 먹어도 맛나요 떡 자체가 맛있으니 어떤 방식으로 먹어도 맛나는것같아요  출산후에도 밥챙겨먹을 시간 없을것같아서 계속 시켜먹을 것 같아요 공짜떡 중 쑥찹쌀떡 있었는데 달지 않고 고소하고너무 맛있어서 이번에 시켜봤어요   포장도 아이스팩으로 꼼꼼히 해주셨고, 요즘 날씨 따뜻한데 제가 몇시간 늦게 확인을 했는데도 녹지 않았더라구요 여기 쑥떡은 정말 맛있어서 평생 시켜먹을 것 같아요 ^^ ', '배송도 빠르고 포장도 잘해주시고 무지개떡이랑 주문했는데 서비스로 콩가루랑 설기 하나도 더주시고^^ 바로 젤 말랑한 떡을 골라 먹었는데 넘 맛나네요 ', '일단 콩고물 안묻히고 먹어봤는데 쫀득하고 쑥향도 찐하고 맛있네요. ', '떡은 신선한 쑥 맛이 좋았고 무염저염을 신청했는데 그 부분도 지켜주셔서 짜거나 단맛 없이 과하지도 않게 딱  심심하면서 쑥 본연의 맛을 즐길수있었습니다. 콩고물 찍어먹으니 배로 고소하며 찰기가 더욱 느껴졌네요. ', '먹기도 전에 든든해짐ㅋㅋ 설기류는 렌지에 돌려먹어야 하는 걸 모르고 주문해서 (직장에 렌지가 없음) ㅋㅋㅋ 오늘은 쑥떡만 챙겨 출근했습니다 자연해동해서 먹었는데 대존맛이에요!!! 엄청 찰지고 쑥 맛 너무 좋네요 ㅠㅠ 제가 일하는 건물에 유명한 인절미 맛집 떡집이 있는데 이게 훨씬 맛있습니다ㅠㅠ 맛도 그렇고 식감 자체가 넘사벽임ㅋㅋ 가격도 훨씬 저렴하고 낱개 포장되어 있어서 먹고 싶을 때마다 한 봉씩 먹을 수 있으니 너무 좋네요 ㅋㅋ 너무 맛있어요~~ᄏᄏᄏ ', '쑥이 많이 안들어가있고 짠맛이 강해요... ', '포장은 개별 포장이라 좋은데 떡이 너무 질고요 쑥도 억세서 뱉어내는게 많아요 ']",식감이 쫀득하고 말랑해서 너무 좋아요. 콩고물도 고소해요. 쑥이 억셀 수 있어요.
bakery,total,4433182304.csv,임팩트민트 무설탕 캔디 6종,"['총 정리를 해보자면, 복숭아맛=&gt; 다들 맛있다고 해서 구매해봤는데 진짜 맛있어요. 하지만, 금연을 위한 목적으로는 달달맛있어서 패스~  민트맛으로는 스피아민트, 아이스민트, 스트롱민트, 프레쉬민트 총 4종을 구매했어요. 그냥 달달한 민트에요. 달달함과 적당한 민트 아이스민트가 제입맛에 맞을거 같아서 3통을 구매했는데 맛있지만 금연용으로는 약한듯 스트롱민트. 라 직접 먹어봐야할듯 ㅎㅎ 이것도 처음에 엄청 쓰고 맵다고 생각했어요 ㅠㅠㅋ ', '민트 계열빼고는 화한감은 덜하긴 한데 맛있네요. ', '복숭아랑 블랙커런트는 진짜 맛있어요!! ', '이건 뜯어서 먹어보니 좀 환타맛이랑 비슷해요 ', '복숭아는 진리~ 맛있어요 ', '배송 빠르고 딸기맛 맛있어요 ', '평소 민트캔디를 자주 먹어서 안떨어지게 주문하는데 이런 종류 중에 임팩트 캔디가 제일 맛있어요~ ', '달콤하니 맛있어  만족  합니다 ', '망고맛이 적당하게 나고 전체적으로 깔끔해요. ', '전 개인적으로 새콤한것을 별로 좋아하지 않는데 신맛이 나네요. ']",복숭아 맛이 정말 맛있어요. 민트 계열 빼고는 화한 감은 덜해요.
bakery,total,338594623.csv,천안 광덕산 호두과자 전문점 우리밀 100% 옛맛 48개입,"['맛있어요. 앙금도 간이 좋고 호두가 정말 실해요. 단호박도 달달한 호박죽맛나고 에어프라이기에 바삭하게 먹으면 참 좋겠네요. 라이벌 기업님 그렇게 비난해봤자 댁 호두과자가 맛있어지는건 아니니 본인 호두과자 맛 잘 낼 생각하세요 남 깎아내린다고 님 호두과자가 맛있어지는건 아닙니다. ', '근데 에어프라이어 10분 돌리니 겉바속촉 달달 진짜진짜진짜 맛있어서 주변에 추천하고 난리남. ', '너무 맛있어요!!! bull;̀ᴗ&bull;̀ 에어프라이어에 데워먹어도 맛있고 얼려먹어도 맛있다!  ☆ ', '분태 아니고 적당한 크기의 반태 호두가 들어가있고 빵반죽도 부드럽고 맛있어요. 특히 많이 달지 않아 맛있네요~ ', '시중에서 파는 호두과자보다 맛있네요 3가지맛 모두 맛있어요. 흙미오곡 맛나다고 하네요. . 매일 출출할때 맛있게 잘 먹고. ', '정말 덜 달고 우리밀의 담백함과 호두의 고소함이 어울어져서 맛있네요~ ', '제 입맛엔 팥이 제일 맛있어요 ', '오프라인보다 저렴하고 여행지 휴게소에서 먹던 맛 그대로 맛있어요. 너어~~~무 맛있는 호두과자를 안방에서 맛볼 수 있다니 감사합니다ㆍ^^ ', '배송받고 바로 하나 먹으니 너무 차갑고 부드럽지 않아서 에어프라이어에 180도 3분 돌려먹으니 바로 구워먹은거 같아 고소하고 맛있어요 ', '에어프라이어로 데우면 갓구은듯 맛있어요. 흑임자오곡은 소의 간 자체가 약간 밋밋하고, 단호박은 호박향이 많이 나지만, 개인적인 제 입맛엔 소가 좀 아쉬워요. 빵 반죽은 참 맛있고요, 호두는 큼직하게 박혀있어요. ']",에어프라이기에 10분 돌려 먹으니까 진짜 맛있어요! 휴게소에서 먹던 맛 그대로에요.
bakery,total,4178316331.csv,[정식수입처] 오사닛캔디 캐모마일 엘더베리 원더윅스 준비 치발기 이앓이,"['하나 먹어봤는데 역시 어른입맛에는 화한 느낌이 나기도 전에 사라짐 ㅋㅋㅋ 그만큼 잘 녹았어요 ', '제가 먹어보니 입안이 시원해지긴 하더라구요ㅎ ', '저도 먹어봤는데 목걸림도 없고 특별한 맛은 따로 안느껴져요! ', '열어서 캔디 꺼내 몇알 먹어보니 작아서 그런지 아무맛도 안나네요 ㅋㅋ ', '제가 한번 먹어봤는데 너무 작아서 잘 안느껴져요 ', '저도 하나 먹어봤는데 전잘 모르겠고 신랑 두알 줬더니 시원하대요 ', '빨리보내주셔서 감사해여 먹어보니 약간단맛도 나긴하는데 그래도 어른입맛에는 밍밍하네요 ', '먹어봤는데 진짜 잘녹고 애기한테 효과있는지는 아직 모르겠어요 ㅠㅠ ', '근데 낮에 뭐물어뜯고 침 많이 흘릴때 입에넣어주면 입안이 뭔가 시원해보이긴했어요 ', '완화효과조차 전혀 없는듯하고 걍 단맛나서 캔디처럼 먹네요ㅜ ']",작아서 특별한 맛이 안느껴질 수도 있지만 잘 녹고 입안이 시원해져요
mealkit,total,4617792070.csv,문현전통한우곱창전골(실속형),"['추천사리가있다면 칼국수면+떡국떡 추천합니다. = ', '우울한 날엔 역시 먹는거지 싶어서  소자 조금맵게(신라면맵기) 주문했습니다. 이거 4인분 볶음밥하는 팬인데 양이 이렇게 많아요!! 딱 캬 소리 나오는 눅진하고 고소하고 얼큰한 맛에, 면도 넓적당면, 우동면 두가지나 덤으로 주셨는데 덕분에 너무 행복해요.. 너무 맛있습니다😂 얼큰하고 구수하고 고소하고 마음이 충만해지는 행복한 맛이예요... ', '부모님께서도 밀키트로 나온 제품이 괜찮은지 걱정많이 하셨는데  정말 맛있다구 하셨어요!! 며칠뒤에 친구들이랑 놀러가서 먹으려구 중 사이즈 하나 더 샀는데, 이렇게 맛있는 줄 몰랐어요,,,혼자 먹고시퍼,, 하지만 주변 지인들한테  많이 추천했습니다!! 그래서 곱창전골을 식당에서 먹을때도 정말 깨끗하구 위생적으로 인증된 식당만  먹어요. 마지막으로 함께 동봉된 설명서대로 전골을 짠! 매운탕 맛이난다는 것과 고기가 질기다는  리뷰들을 몇개 보았는데 맛은 개인차이이지만 저는 너무너무 맛있었어요,, 고기 질김??? 대창은 몇번 못씹었는데 녹아버리더라구요. ', '생각보다 양도 많고 야채도 신선해서 푸짐히 맛있게 잘먹었어요. 유통기한이 2~3일 정도로 짧아서 아쉬웠지만 진짜 충분히 야무지게 잘먹었습니다. 전 콩나물도 넣어서 같이 끓여먹었는데 너무 괜찮네요! ', '정말 맛있게 먹었어요. 특히 내장류인데도 여러 부속물이 냄새가 나질 않고 맛이 좋아서 만족하면서 먹었습니다. 양념장에 마늘이 많아서 얼큰하고 진국이었어요. ', '예전에 먹고 넘 맛있어서 소창 대창 우삼겹 막 추가해서 다시 주문했어요~ 근데 그때는 실속형 말고 한우100프로였는데 리뷰들 보니 별 차이 없다고 해서 실속형으로 시켰어요 질긴거 잘 못먹고 예민해서 그럴수도 있는데 왠만하면 여자분들은 한우 추천드립니당..ㅎ ', '당면처럼 국물도 안줄어들고 금방 익고 국물 흡수 쫘악 해서 완전 맛있어요!!! 부산 떠나서 경기도 오니 음식이 입에 안맞더라구요 ㅠㅠ 곱창전골 맛집이라는 곳에 여러번 먹으러 가봤는데 어떤곳은 곱이 아예 없고 어떤곳은 곱이쓰고(곱이 왤케 쓰냐고 하니 원래 곱은 쓰다고 직원분이 말씀하심😑) 또 국물 자체가 저랑 제남편 입맛에 맞지 않더라구요 -.- 그냥 맛있어서 기분좋게 리뷰쓰는겁니다 ', '캠핑가서 먹은 문현한우곱창전골 ㅠㅠ저번에 너무 맛있어서 몇번이나 집에서 시켜먹었었는데 캠핑에 가서 먹으면 최고일 것 같아 바로 픽했습니당ㅎㅎ 진짜 캠핑에는 너무너무 맛있고 편리하기까지 한 문현전통한우곱창전골만한 게 없는 것 같아요 ㅠㅠ 기본구성에 대창추가, 서비스로 주신 우삼겹까지 추가하니 국물이 정말 기름졌지만ㅋㅋ그 기름짐마저 너무 맛있는 것&hellip; 당면사리 호로록하다가 우동ㅅㅏ리도 넣어먹고 치즈볶음밥으로 마무리하니 너무너무 최고였습니다!!!!!!!!!! ', '그런데 물이 너무너무 많아서 , 전골이라기보다는 국에 가까웠고 간의 맞기도 싱거웠습니다 ㅠ 감칠맛 전혀없고 맛의 밸런스가 안 맞습니다. 천연조미료 쓰신다하신 부분은 정말 기대했습니다! 제가 대단한 입맛은 아니지만, 맛있는게 맛있는건줄 은 아는 입맛 정도는 됩니다  ) (시금치가 정말 맛있습니다! ) ', '곱창좋아해서 많이 먹어봤는데 곱이 쓴건지 뭐가 쓴건지 하여튼 써서 고기는 안먹고 국물과 야채만 먹었어요. 염통은 맛있었어요. ']",국물이 얼큰하고 진국이에요.살짝 싱거울 수도 있어요.
mealkit,total,3836777226.csv,잠실맛집 홍코너 옛날 떡볶이 밀키트 반조리 즉석 밀떡 누들 로제 짜장 달콤한,"['기호에 따라 어묵이랑 삶은 계란, 파를 넣어서 먹으니 더 맛있었어요! 그리고 맛도 있었구요^^ 가족들이랑 간식, 식사대용으로 한끼 잘 먹었습니다 떡도 밀떡 중에 맛없는 밀떡이 있는데 홍코너 떡볶이 밀떡은 쫀득쫀득한 식감 때문에 너무 맛있었어요! ', '배송이 오고 옛날떡볶이 후추떡볶이가 너무 맛있어서 로제도 얼른 먹어야겠다 마음먹고 넓적당면도 삶고 얼른 만들어 먹어봤는데요! 너무 맛있는거에요 🤤 배달떡볶이만큼의 맛이 난게 너무 신기했고 누들밀떡이 정말 너무 쫀득하고 맛있어서 주문 하길 잘했다는 생각이 들었어요 ㅎㅎ 밀키트 로제떡볶이는 맛있었던적이 없었기에.. ', '옛날맛, 달콤맛, 로제맛, 후추맛 다 사서 먹어봤는데 후추가 가장 매워요 🥵 시중에 파는 신x떡볶이 맛도 나는 것 같고 매콤한 떡볶이 먹고 싶을 때 딱인 것 같아요! 잘 먹었습니다~~ ', '후추맛, 옛날맛에 비해 덜 매워서 저학년 초등학생들도 넘 잘먹을 수 있을 것 같아요 넘 잘먹었습니다 :) 솔직히 5분만에도 가능하다고 생각해요 해동안하고 빨리 해먹을 수 있는 거 최곤데 맛까지 있으니 어떻게 안먹을 수가 있겠나요... ', '언니 집에 갔을 때 먹어보고 너무 맛나서 주문했어요 후추는 아직 안먹어봐서 얼마나 매울지 모르겠는데 전 신전 마니아라 아마 맛있게 매울 것 같아요 저한텐ㅋㅋㅋ 누들떡이라 먹은 맛도 더 좋구 이것저것 달걀이랑 소시지 추가해서 먹으니 앞으로 떡볶이 안사먹어도 되겠어요ㅎㅎㅎ ', '라면끓이는것처럼 쉽고 간단한데 맛있어서 너무 좋아요 ㅠㅠ 옛날 떡볶이가 딱 적당한 맵기고 후추는 살짝 더 매워요~~~ ', '어묵도 도톰하고 한입크기라서 넘 편하구 맛있어요^-^ 옛날소스, 까르보나라 먹어봤는데 라면사리 삶아서 넣었는데도 싱겁지않고 잘 쫄아서 맛있어요. ', '오늘도 야무지게 잘먹었네요. 우선 떡 선택 다양해서 좋았구요. 옛날소스도 충분히 매워요. 난 소스부자니까ᆢ 옛날소스맛은 감칠맛 나는 먹매콤함 정도의 맛이였구요. ', '후추맛은 삼○라면 맛이랑 비슷해요ㅋㅋ ', '짜장이랑 후추맛 먹어봤는데 저렴한가격에 무난하게 먹을만했어요 후추맛은 삼○라면이랑 맛이 비슷한것같아요ㅋㅋ ']",밀떡이 너무 쫀득하고 맛있어요. 후추는 맵고 삼o라면이랑 맛이 비슷해요 ㅋㅋ
mealkit,total,4480478292.csv,애슐리 당면듬뿍 매콤 안동찜닭 (2인분) 쿠킹박스 밀키트,"['그래도 지금 살고 있는 지역 음식에 비해 아니 비교하기도 싫을 만큼 맛있었어요. 두 번째 밀키트는 페퍼론치노 다 넣었는데 그냥 맛있는 매콤 정도지 매운 정도는 아니였답니다. 그냥 정말 맛없더라구요. ', '저한테는 좀 자극적이긴 한데, 다들 맛있게 잘 먹었어요. ', '맛있어서 재구매했어요 단짠맛만 있음 물려서 마니 못먹는데 매운맛이 가미가 되니 질리지도 않고 맛있네요 ', '딱 먹기 좋을 정도로 매콤해서 맛있게 잘 먹었습니다. ', '저처럼 매운거못먹는사람들은 상ㅜ 그래도 맛있어서 한끼 잘 떼웠어용ㅎ 순살이라 그런지 생각보다 양이 많지는 않아서 많이 먹는 2인은 약간 부족할수도 있겠어요 ', '양념이 베어서 너무너무 맛나용 ', '찜딝 맛나요. 살짝 매워요 ', '달달하니 매코옴 하고맛있어요 양이 딱 한번먹을양이지만 신랑이랑 맛나게 잘 먹었네요 ', '소느 국물은 진하고 괜찮아 납작당면은 맛있었네요. ', '예전보다 맛도 덜하고 냄새가 좀 나요 냉동실에 쟁여놓고 먹을정도로 좋아했는데 아쉽네요 ']",달달하고 딱 먹기 좋을 정도로 매콤해서 맛있게 잘 먹었어요~
mealkit,total,3525985063.csv,매콤달콤 깐쇼새우 쿠킹박스(2인분),"['꼭 신랑하고 둘이서 같이 먹는데 양도 적당하고 새우는 탱탱하면서 맛나고 중국집에서 시켜먹은것보다 훨씬나요~~ ', '손 쉽게 요리할 수 있었고, 재료도 신선했어요. 물론 맛도 괜찮아서 쇼핑윈도 추천 합니다. ', '속포장 깔끔하니 안에 속재료들 각각 재료에 맞게 소포장되어서 와요~^^ 신선도 유지되고요~^^ 깐쇼새우는 너무 좋아해서 중국집 가서 자주 사 먹는 메뉴중에 하나인데 집에서 직접 해 먹으니 가격대비 양도 많고 맛도 좋고 양념에 버무리기전에 바삭한 상태의 새우도 먹을 수 있어서 좋아요~^^ 에어프라이기에 돌려도 좋기는 하지만 저는 왠지 기름에 튀겨야 더 맛있는거 같아서 기름에 바싹하게 튀겨서 소스에 후다닥 버무려 먹어요~ 완전 맛있어요~^^ ', '싶은데 스위트 칠리소스 만큼 맵지 않아 우리 어린이들도 무난하게 먹을수 있아요 야채 싫어 하는 어린이들도 잘게 다져있으니 야채까지도 잘먹구요 맛은 재구매을 몇번했는지도 기억이 안날정도라 ㅎㅎㅎ그만큼 맛보장해요👍👍 외식안가고 간편하게 집에서 외식분위기 날수 있기에 연말 크리스마스 홈파티 메뉴로 적극추천드립니다🎅 ', '여기서 제일 맛있었던건 새우진짜 튼실해서 굳이 뭐 말해뭐해이고 줄기콩 정말 맛나요 ㅎㅎ 이게 여기에 이렇게 들어가니 ㅎㅎ 너무맛있습니다. 청양고추는 다 넣어도 그렇게 많이 맵지는 않아서 더 맛있게 즐길수있었떤것같아요. ', '소스가 참 맛있더라구요 파티는 망했지만 음식은 맛있습니다 ', '맛이 제입맛엔 살짝 달아서 별하나 뺐어요~ ', '자칭 새우킬러가 인정하는 새우맛집!!!! 그동안 초대요리로 내놨을때 다들 좋하했던 메뉴 ㅡ 아주 요물스러운 메뉴입니다 ㅎ̌̈ ㅎ̌̈  새콤달콤해서 애나 어른이나 술안주나 간식이나 다좋고 신발을 튀겨도 맛있다는데 좋아하는 새우를 튀겼으니 얼마나 맛있게요 ㅋㅋ ', '좀 달지만 맛있어요. ', '그리고 새우 튀김옷이 두꺼워서 소스가 겉에서만 겉돌아요 ']","튀김옷이 조금 두껍지만 새우가 탱탱하고 튼실해서 정말 맛나요. 소스는 좀 달지만 맛있어요. 그리 맵지 않아요,"
gjs,total,3974719896.csv,"[CJ][2개 이상 구매 30%할인] 비비고 갈비탕,차돌육개장,진국설렁탕,전복미역국 외 선택구매","['직접끓였다고해도 믿을것 같은맛~집밥같은 맛있는 국예요~^^;; 전복미역국,전복추가해서먹어보니 더맛나고,건더기도  꾀들어있어 놀랐어요. ', '처음에는 살짝 밋밋한거 같았으나, 계속 먹을수록 매콤한 맛이 올라오네요. 푹 고와서 그런지 차돌이 입안에서 녹아요~ ', '특히나 아이가 만둣국을 좋아하는데 사골국물에 하면 더 맛있고 고소해요 ', '소고기장터국은 남편 해장용  육개장은 맛있는것중 하나래서 주문  소고기무국은 아들꺼  잘 먹을거요 ㅋㅋ ', '육개장은 비비고가 제일 맛있고 내용물도 실해요 ', '맛있어서 가끔 주문하고 있어요.. 특히 우거지국 맛있네요.. 근데 제 입맛엔 약간 짠것 같아 같이 구매한 사골 곰탕 조금 넣어서 먹었더니 간이 딱 좋네요 ', '청양고추 송송썰어넣으면 더 맛나요~ ', '건강한 맛이었음 좋겠어요.~~ ', '맛있어요,건더기가 부족해요 ', '육계장은 건더기가 너무 없어요 ']",건더기가 너무 없어요. 계속 먹을수록 매콤한 맛이 올라오네요.
gjs,total,2842000448.csv,88마성뼈해장국&마성갈비탕,"['순대국 감자탕 매니아라 유명한곳가서도 많이먹어봤는데  이건뭐.. 고기도많은데 고소하고 누린네가 하나도없어요 ', '이리도 저렴하고 푸짐하고 깔끔하고 간이 적당할 수 있단말인가! ', '고기도 푸짐하고 맛있게 잘 먹었어요. 고기에서 냄새는 없었어요. ', '처음 온 상태로 끓여서 조금 먹어보니 어른 입맛에는 조금 싱거울 수 있고 뭔가 살짝 부족한 맛이라고 생각이 들었는데 고춧가루 추가하고 들깨가루 듬뿍 넣고 한소끔 끓여 먹었더니 왠만한 뼈해장국집 보다 맛있었습니다. ', '국물 : 짜게먹는편은 아니나 약간 밍밍한편?? ', '뼈해장국을 제가 정말 좋아하는데 거짓말 안하고 왠만한 뼈해장국 집보다 맛있습니다 고기 잡내없고 식당들보다 고기가 1.5~2배는 되는데다 국물맛이 진짜 진하고 좋았습니다 저희 부모님도 너무 맛있다고 해서 2틀만에 5개 다먹어버렸네요 ', '그도 그럴것이 넘 맛있고 살도 많습니다 오히려 살밥이 넘 두꺼워 뻑뻑하게 느껴질 정도^^첫구매에 10팩 주문했는데 넘 맛있게 잘 먹었습니다~~ 판매자님~~제품 지금 넘 맛있고 냄새도 안나고 좋으니까 제발 변하지 말아주세요~~ ', '맑은 소고기곰탐 국물은 삼삼하고 고기가 진짜 야들야들하네요. ', '고기 잡내도 나고 시래기도 그닥 부드러운지도 모르겠고 그냥 모든게 다 별로네요 ', '조미료맛 청양고추랑파랑 후추넣어도 잡히지않아오 갈비탕은괜찮든데 ']",약간 싱거울 수 있지만 고기도 푸짐하고 누린내도 안나서 좋아요.
gjs,total,2848031782.csv,"[CJ] 비비고 냉동밥 선택구매 (깍두기볶음밥,스팸김치볶음밥,곤드레나물밥 외)","['느끼한걸 안좋아하는 저는 참 맛있었어요. 간이좀 있어서 밥 반공기넣고 두봉 볶으니(큰거 한봉에2개들있음) 간이 딱 좋고~김이랑 싸먹었더니 더 좋네요. ', '라방으로 싸게 구매~~~살짝 매콤하고 고기도 조금 씹히고 너무 맛있음~~~밥없을때나 아침에 아이들 학교갈때 출출할때 완죤딱!!! ', '간장소스랑 곤드레랑 맛있어요! ', '깍뚜기볶음밥 맛 좋아요. ', '새우볶음밥 진짜 맛있어요 ', '싱겁게 먹는편이라 짜긴한데, 간편하게 한끼식사로 먹기 좋고 맛도 있어요 ㅎ ', '차돌깍두기볶음밥 맛은 있어요 저는새우볶음밥이 더 맛나요ㅎ ', '깍두기는 양념이 찐하니까 매콤해서 볶아서 밥을 더 섞어 먹으면 간도 적당한게 사랑입니다 ♡넘 맛있어요 ', '와~~~  진짜 맛없어요 기대하고 주문했더니 아무맛도 안남!! ', '진짜 맛없음 식감도 최악 ']",살짝 짜고 양념이 찐해요. 저는 새우볶음밥이 더 맛있어요.
gjs,total,2318144463.csv,[이제이푸드스토리] 누들떡 밀떡 맛찬들 후루룩 선택구매,"['가족들이 매운걸 못먹어서 처음에 매운냄새가 많이 나서 걱정했는데 생각보다 맵지 않아서 맛있게 먹을 수 있었어요 ', '포장도 꼼꼼하게 오고 떡볶이도 맛있어서 아주 만족합니다! 가족들이 매운맛을 못먹어서 소스를 순한맛으로 시켰는데, 액상 스프는 조금 매운 감이 있었고 분말스프는 초등학생도 먹을 정도의 맛이였어요~ ', '쫄깃하고  맛있네요 떡뽁이도해먹으니 맛있네요 ', '김말이 야채튀김  넘부드럽고 맛있네요 ', '3번째 구매하는 누들떡 떡 안좋아해서 떡볶이에서 떡 안 먹는데 이거 넣어서 먹으니 저도 먹을 수 있고 넘 맛있어요 ', '누들떡 너무 맛있어요 ^^ 계속 주문할 것 같네요 ', '맛있고 깔끔해여 좀 얇은거같기두하고  배송도 빠르네여 나누면서 애는 좀 먹었네요 ', '오늘 해 먹었는데 떡이 쫄깃거리며 넘 맛나네요. 정말 떡 맛나고 어묵도 괜찮아요. ', '청년다방 떡볶이처럼 통통한건줄 알고 왕창 주문했는데 우동보다 조금 두꺼운 면 느낌? ', '누들떡은 생각보다 너무 얇고(우동면 같아요) 어묵은 밀가루 맛이 많이나서 제 입맛엔 안맞네요. ']",누들떡이 좀 얇은 것 같지만 너무 맛있어요! 분말스프는 맵지 않아서 맛있게 먹을 수 있었어요
gjs,total,4361528425.csv,"[팔복] 사골진국 / 도가니탕 / 우족탕 세트, 초복 중복, 말복 여름 보양식","['국물이 진해요. 여기에 고기를 추가해서 파 송송 넣어 끓여먹으니 너무 맛있었어요~^^ ', '도가니는 질기지않고 탱글하고 자잘한 도가니가 아니라 큼직한 덩어리고요. ', '파송송 많이 넣고 꿀맛 ~ 집에서 우려서 만드는것도 다 옛말이라고 정말 진하고 뽀얀것이 맛있게 잘 먹었습니다. ', '정말 싸구려티나는 다른 제품과 달리 국물이 진하고 그윽합니다... 요리 활용도도 높아서 저희 심지어 라면도 이걸로 끓여 먹고 있어요 ㅋㅋ ', '저희집은 사골사랑이 깊어서 떨어지면 바로 주문해먹어요. 애기들 성장때문에 신경써서  먹거리 주문하는데 이번것은 정말 맛있나봅니다. 구수하고 담백한맛에. ', '아주 고소하고 부드러워요~ ', '몸이 안좋으신 아버지를 위해 구매했는데, 더운날씨에 맛있는 팔복 먹고나니 기운도 나고 너무 맛있어요! 아버지도 처음엔 뭐하러 삿냐구 하시다가 너무 맛있고 편하다고 더주문해달라구 하시더라고요! 오물오물 씹히는 도가니도 맛잇고 국물한방울 안남기고 뚝딱입니다 ', '일단 맛이 너무 구수하고 좋습니다. 솔직히 설렁탕집이나 곰탕집에서 먹는 국물보다 훨씬 진하고 맛있어요. ', '고기는 너무 질겨요ㅠ ', '다만 다른곳의 사골육수 보다는 찐했고 마늘과 생강을 넣어서 끓이시면 냄새도 왠만큼 잡힙니다. ']",국물이 정말 진하고 뽀얗고 구수합니다. 도가니도 질기지 않고 탱글해요!
gjs,total,4653116638.csv,부산어묵 장돌이 종합어묵 1100g,"['연육비율이 높고 당비율과 첨가제가 비교적 적다고해서 주문했는데 단맛이 살짝 나는거 빼고는 좋습니다^^ ', '만족스럽게 잘 먹었어요 씹는 식감이 좋았구요 ', '쫄깃하고 맛있네요. ', '가족추천으로 샀는데 맛있네용???? 기름 없이 술안주로 구워먹는데 ㅎㅎㅎ 정말 담백 탱글탱글 맛나요 ', '쫄깃쫄깃 넘 맛있어요. ', '어묵탕용이랑 아이들 간식용 두가지를 구매했어요 간식용만 먹어봤는데 짜지도 않고 맛있었어요 아이들도 잘먹어서 다먹으면 또 구매할 생각이에요 ', '부드럽고 맛있어요. 유부는 처음 먹어봤는데 참 맛있었고요. ', '어묵 맛있었고 일반적인 맛과 매운맛 섞여있기 때문에 매운 거 싫어하시는 분은 먹으실 때 잘 살펴보시고 드시면 좋을 것 같아요~ ', '아이가 매워서 못먹어요ㅠㅠ ', '기름기가 좀 많습니다 ']",씹는 식감이 쫄깃하고 맛있어요. 매운맛이 섞여있기 때문에 잘 살펴보시고 드세요!
gjs,total,4831756132.csv,쭝일아찌5단계 빨강떡볶이 택배 반조리떡볶이,"['너무 맛있어요 는데 여기 떡볶이 너무 맛있다고 계속 먹네용 ㅎㅎㅎ 진짜 맛있습니다 달달구리 하고 제가 원하는 토핑 넣어 먹으니 더더욱 맛있습니다 ', '넘맛있어서 넉넉히 시켰어요 ㅜ 저는 떡한팩에 어묵 세장 파많이 라면사리 해서 물넉넉히 잡고 스프2개넣고 끓여먹는게 넘 맛있어서 그렇게 해먹으려고 스프2배로샀어요 ㅜㅜ ', '매콤하니맛이좋아요^^ ', '저희는 보통 2단계로 먹으니까 입맛에 맞는거 같아요! 신라면 정도의 매운맛 느낌이랄까! ', '떡이 진짜 맛있어보이게 생겼어요 ! ', '냉동실에쟁여두고 먹는 맛있는떡볶이에요ㅠ 파 넣고먹으면 더맛있어요 ', '아이들은 2단계,어른은 3,4단계 맛있어요. ', '떡과소스가맛있습니다. ', '3단계 먹어봤는데 적강한 매움이었어요. ', '순한맛 먼저 먹어보았는데 달콤하고 맛있어요 ']",2단계로 먹으니까 신라면 정도의 매운맛이에요!
gjs,total,3590879540.csv,유미의 세포들 떡볶이 바비분식 바비떡볶이 출시,"['저는 귀찮아서 함께 든 김말이랑 만두 그냥 중간에 같이 넣고 끓인지라 사진이 너무 맛없게 나왔네요ㅠㅠ ', '떡볶이는그냥 평범햇고 오뎅은 비려서못먹었는데 만두가진짜 미쳤어요 할머니가 만들어주셨던거랑 똑같은맛 나서 집에 일키로는 갖다두고맨날먹고싶어요 ', '일단 맛있고 떡도 쫄깃하고 모든 재료가 신선한 느낌인점이 좋아요 양념이 맛있고 만들기 힘들어서 사먹는데 이걸 우쩌나요 ㅜㅜ ', '진짜 너무 맛있어요. 완전 쫀득하고 같이 들어있는 만두, 김말이도 기름에 튀기니까 바로 만든 것처럼 바삭하고 맛있어요. ', '정말 너무 맛있습니다...... 이렇게 맛있는 조리 떡볶이는 처음이구요... 아니 그냥 너무 맛있네요... 너무 맛있어서 정말... 김말이 너무 맛있구요.. 그냥 맛있습니다... 맛있어요... ', '바비떡볶이 이렇게 나오는 포장 떡볶이 중에 양념도 맛나구 밀떡이고 아주 만족합니다. 저는 소스를 달콤/매콤 다 넣었지만 맵지는 않아서 매운거 못먹는사람도 충분히먹을정도의 약한 매운맛입니다. ', '전에 너무너무 맛있어서 3번째 주문했었는데 오뎅인디 맛이 좀 변해있었어요 ', '크고 속이 꽉차있어서 맛있어요. 떡볶이도 쫄깃쫄깃 탱그르~ 맛있었구요. 그런 느낌나면서 간이 들어가있어서 맛있더라구요. 레시피 보고 만들었는데 소스에 대한 설명은 자세히 없어서 두가지를 적당히 섞었는데 맛있네요. ', '오뎅 비린내가 심해서 별로에요 ', '어묵을  안 넣었음  맛있게 먹었을 것 같네요 어묵 비린내가 너무  많이납니다 ']",오뎅 비린내가 심해요. 김말이는 바로 만든 것처럼 바삭하고 맛있어요.
gjs,total,4260524144.csv,당일생산 즉시발송 부산 당면만두 600g,"['당면만두 말처럼 당면 그득 들어있구요 후추간이 있어서 간장이나 떡볶이 국물 적극추천합니다 ', '만두 피가 쫄깃하고 당면이 꽉 차있어서 합성 첨가물 없이도 꽤 맛있고, 아이스박스에 깔끔하게 포장된 상태로 빠르게 배송받았습니다. ', '걍 구워서 먹어도 당면에 아주 살짝 간이 되어있어서 그것도 맛있었습니다. ', '바삭바삭 너무 맛있습니다~~ ', '조미료맛이 나는 건 예상했지만~ 생각보다 괜찮아요. ', '아이들도  미세한차이지만 맛이 전체적으로 싱거워졌다고해요 여기가당면만두가 제일맛있어서 요기만시켜먹어요 포장지가비닐로바뀌고 처음시키는데 맛이 달라졌어요 그전에 플라스틱팩에 있던맛이아니예요 아주 미세한 차이지만 그전에것이 더맛있었어요 ', '속이 꽉찬 만두도 맛있지만 전 이런 만두가 너무 맛있어요. 에프에 굽는것보다 살짝 기름두르고 굽는게 더 맛있어요. ', '와 진짜 맛있어요ㅠㅠㅠ 당면만두는 처음시켜먹는데~ 떡볶이에 찍어먹어도 맛있고 간장에 찍어먹어도 맛있네요^^ ', '그냥 먹기에는 너무 맛 없어요...ㅠㅠ 떡볶이에 적셔먹으면 맛있을 것 같지만 그냥 구워먹으면 아무 맛도 안납니다. ', '요것두 첫주문이네요 대구 서문시장납작만두 생각하면서 시켜봤는데ᆢ 당면이ㅈ많이들어있어서 ᆢ맛나네요 떡뽁이  궁물에 콕해서 먹음 넘 맛나겠어요 ']",당면이 꽉 차있고 살짝 간이 되어 있어서 너무 맛있어요! 떡볶이에 찍어먹어도 맛있을 것 같아요!
gjs,total,723077598.csv,마이비밀 다이어트 밸런스라인 도시락 10종 10팩,"['새우도 많이 들어있고 담백하니 맛있습니다! ', '다른 닭가슴살도시락이랑 다르게  훨씬 맛있고 부드러웠어요 ', '달달하니 맛있어요~ 김치도 굿 ', '일반 떡볶이 떡이랑은 달라서 탱탱하진 않아요. 그래도 쫀뜩하니 맛있습니다. ', '맛있기는 맛있어요! 나물이 좀 질긴게 있는게 흠입니다ㅠ ', '제육볶음 정말 짜고 맵고 달아요 그래서 너무 맛있어요ㅠㅋㅋ 감자조림도 너무 맛있고... 먹었던 도시락 중에 제일 맛있어요.. ', '다른 2곳에서 시키고 이 브랜드는 처음인데 뭔가 양이 더 많고 소스가 있어서 그런지 채소먹을 때 더 맛나네요~~~ ', '특히 밥이 잡곡밥이라서 그런지 먹어본 도시락중에 식감이 제일 좋아서 잘 먹었습니당 ', '아이가 양이 적어서 급하게 한끼 먹을때 먹이려고 주문했는데 귀리가 맛이 별루라고 안 먹네요. 저도 먹어봤는데 뜨거울땐 그냥 먹을만한데 식기 시작하니 냄새가 너무 나요& ', '이건 너무 맛이 없었어요ㅠㅠ 제입맛엔 정말 안맞아요 너비아니도 소스가 맵고 짠데 맛이 그냥 그래요 ']",제육볶음 너비아니 맵고 짜고 달아요.
gjs,total,3105781816.csv,간편간식 식사대용 브리또 8종,"['밀가루 냄새도 안나고 맛있어요. 맛도 골고루 삿는데 두가지맛만 먹어 본거라서 다른맛도 먹어봐야 알겠지만 일단은 맛있어요~ ', '다만 제입에도 할라피뇨가 들어간 부분이 너무 매워서 아이들은 절대 못먹겠네요ㅜㅜ ', '치즈인가 고구마든것인가 무튼 제일맛나요 ', '저희 가족은 매운맛이 더 좋으네요 ', '달달하니 맛있어요ㅎㅎ ', '치즈맛이 고소하니 맛있네요~ ', '매콤해서 느끼하지 않아 맛있어요~ ', '고구마랑 치즈는 환상궁합이죠 맛있어요! ', '맛은 평범해요 가격이 저렴해서인지 속이 부실한 편인데요. 부실한 속에 비해 빵이 두꺼워서 맛이 많이 아쉬웠어요 ', '맛도 별로고 내용물은 적은데 피가 두꺼워요!! ']",빵이 좀 두껍지만 밀가루 냄새도 안나고 매콤해서 맛있어요
gjs,total,3803540021.csv,막내연호도가니수육 혼술안주 최강자!  무릎도가니 소힘줄찜,"['와 생각보다 너무 맛있고 양많아서 놀랐어요😀 인스타에도 올리고 주변에 자랑했어욬ㅋㅋ 삼냄새가 많이난다해서 인삼은 빼고 졸였는데 빼고졸여서그런지 인삼냄새는 많이 안났어 ', '캠핑에세 너무 맛있게 잘먹었어요. 간펀하고 실하고 맛있고, 신랑이랑 둘이 두팩 술안주겸 딱 좋았어요. ', '아주 맛있어요 생각보다 국물이 엄청 맛있어요! ', '진짜 맛있어요 먹기도 너무 간편하거 마라소스이 당면이랑 야채 넣어서 먹었더니 꿀맛이에여 ', '맛은 있는데 혼술하는데 가격부담이 쫌있네요... ', '도가니수육이 너무 먹고싶어서 첫주문했는데 잡내없이 맛나게 먹었어요 ', '맛있는 도가니를 간편하게 먹을 수 있어서 좋았어요 ', '전에 국밥도 맛있었는데 도가니도맛있네요 ', ""'-;; 육수는 후추의 간간함이 있어 맛있고 수육이 메마르지않게 먹을 수 있는 정도였습니다~ "", '담백하고 좋았으나  너무 첨가물이 많이 들어갔네요 ']","인삼냄새는 생각보다 많이 안났어요! 간편하고 실하고 맛있고, 특히 국물이 최고에요."
gjs,total,391944914.csv,[국제부산어묵 모듬6종] SA최고급 생선살85% 쌀어묵21종 수제오뎅7종,"['생선살이 많이 들어가서 어묵의 밀도가 굉장히 높은 느낌이구요, 짜지않고 담백한 생선맛이에요. 밀가루가 안들어가서 어묵탕 끓이고 오래 둬도 팅팅 불어나지 않고, 기름기가 적어서 국물도 아주 깔끔합니다. ', '그리고 고추때문에 느껴지는 약간의 매운맛이 잘 어울려짐. ', '타 부산어묵보단 가격도 착하고 맛도 끝내주기에 여기것만 먹어요 ', '쫀독쫀독한 식감도 좋구요 다른 어묵과는 차별된 맛이 있어요 오자마자 나눠서 냉동시킬건 시키고 당일날 먹을꺼  이렇게 해놓으니 두고두고 먹을 수 있을꺼 같네요 ', '하나도 안비리고 너무 맛있어요 ㅠㅠㅠ 정말 맛있고 탕으로도 맛있고 구워먹으면 쫄깃하고 와구와구 먹었어요ㅋㅋ 개인적으로 고추 들어간 어묵이 칼칼하니 정말 맛있었고 수제세트 어묵은 구워먹으면 좋다고 생각했어요! ', '쫀득쫀득하니 맛있어요~~ ', '라면에 넣어서  먹었는데  마트에서 파는  어묵은 부풀어오르는데  요건  퍼지지도않고  쫀득하고 맛있어요 ', '쫄깃쫄깃하고 담백하고 칼칼한맛, 얼큰한맛 여러가지 맛으로 다양하고 조림,볶음, 탕으로도 요리해서 먹을수 있어서 정말 좋으네요. ', '아주  쫀득하고 맛나요 ', '예전에 먹었을땐 맛이 좋았는데 이번에 주문한건 일부가 소독맛 나고 별루네요 ']", 담백한 생선맛으로 여러 음식에 사용하기 좋은 어묵입니다. 쫀독쫀독한 식감도 좋고 칼칼한 맛도 가지고 있어요
gjs,total,4849007565.csv,[CJ] 비비고 생선구이 (고등어/가자미/삼치구이) X6개,"['상품평 중에 맛이 별로였다는 것도 있어서 좀 걱정했는데 완전 완전 맛있어요!! 간이 되어있는데 짜게 먹는 제 입맛에도 약간 짰지만 밥 반찬이니깐 ㅎㅎ 맛있게 짜요! ', '냄새도 안나고 맛있게잘먹었어요. ', '일단 짜지 않아서 좋구요, ', '일단 간이 적당하여 맛있고,비린내 및 잡내없이 간편하게 먹을수있어서 만족합니다! ', '하나가 정말 딱 1인분정도로 생각보다 작지만 맛있어요~ ', '가자미가 제일 맛있는거 같아요 ', '간도 적당하고 정말 맛있어서 재주문했어요. ', '고등어는 쫌 짜서 밥반찬해야할것같구요 삼치는 안주로도 딱이네요 ', '저는 처음먹어보는 제품이라 기대가 컷는데요 결론만 내리자면 저랑 완전히 안맞네요 가시는 너무많고 비린내가 많이납니다 에프에 권장시간보다 더 돌려서도 먹어봤지만 삼치랑 고등어 모두 그래요 ', '살이뻑뻑하고정말맛없고내가좀편하자고이걸왜샀나?후회막급이였습니다 ']",고등어는 짜게 먹는 제 입맛에도 약간 짰지만 삼치는 간도 적당하고 정말 맛있어요. 잡내도 적어요.
gjs,total,4734694423.csv,"풀무원 올바른핫도그 10입 + 모짜렐라핫도그 10입 (5입x4묶음, 총20개)","['치즈는 맛있는데 소세지는 그냥그래요. 전자레인지보다 에어프라이어에 돌려먹는게 더 맛있네요~ ', '맛있어요 ㅎㅎ 체다치즈- 모짜치즈- 소시지 순으로 맛나요 ', '모짜렐라 너무 맛있어요 ', '올바른핫도그는 옛날핫도구맛이고 탱글핫도그는 바싹맛있어용 ', '풀무원은 처음인데 크기도 다른핫도그에비해크고 괜찮은거같아요 ', '올바른핫도그 짜지않고 맛있어요 ^^ ', '모짜렐라 너무 맛있길래 구매했어요 ', '점보핫도그 크고맛있어요. 오리지날도 살짝 짜지만 맛있네요 ', '탱글뽀득점보핫도그는 겉빵이 바삭해서 맛있어요. 촉촉할때 맛이 별루여서.. ', '음 좀느끼해요.. ']",모짜렐라 너무 맛있어요! 에어프라이어에 돌려먹는게 더 맛있네요~
gjs,total,2176372821.csv,선미 선지 해장국 600g 레토르트 식품 선미식품 선지해장국,"['후기 않쓸라고 했는데 내용물 실하고 맛있습니다. 선지해장국 특유에 냄세가 있기는 한데 선지국 좋아하시는 분들이라면 전혀 문제 없을듯 하고 내장도 연하고 맛있습니다 ', '청양고추 와 대파 추가해서 칼칼하게 또 담백하게 먹으니 잡내도 없고 더 맛난거 같아요. 주말마다 부모님 모시고 순대국밥집이나 추어탕집에 갔는데 이거 1박스 보내드렸더니 집에서 편하게 그리고 맛나게 드셨단 말씀들으니 뿌듯해서 같이 재구매 합니다. ', '어우 맛있네용 식당에서 시켜먹는거보다 훨씬 저렴하고  이건 내장탕이랑 선지국이랑 합친건데 맛있네요 ', '선지나 내용물도 넉넉하고 간도 적당하네요. ', '갈비탕은 사실 고기좀 적은데 국물은 맛잇음 . 육개장은 건더기도 많고 푸짐 . ', '시중 해장국집 맛집에서 파는 제품과 별 차이가 없어요~ ', '가격대 맛이 정말 최고입니다! 해장으로도 해장하고 다시 안주하기에도 좋습니다 ', '저는 내장탕도 칼칼하고 텁텁하고 구수하니 맛있었어요 ', '선지 해장국은 선지 특유의 돼지 비린내 엄청나게 심하고 육개장은 아예 먹지도 못할정도로 너무 맛이 없네요 제품이 너무 맛이 없다보니 엉뚱한 제품 보낸거 아닌가 의심이 들  정도네요 ', '어떤건  신맛이 나서 좀 상한 느낌도 들고 금액이 너무 싸서 맛따질 입장은 아니지만 호불호가 있을듯해여 ']",선지 특유의 돼지 비린내가 살짝 있어요. 그래도 내용물도 넉넉하고 내장도 연하고 맛있어요!
gjs,total,467193328.csv,팥죽 호박죽 속이 든든한 죽,"['적당히  달달하고 맛있네요 ', '적당히  달달하고 맛있어요 ', '팥죽에 이어 호박죽도 먹어보니 심심하니 그리 달지않고 적당해요. 아몬드,브라질너트,호두,마카다미아 등 너트류 넣어 함께 먹었더니 고소하고 한끼 대용.. ', '맛있습니다. 팥죽은 달지않고 호박죽은 달콤하니 맛있네요. ^^ ', '여기거 정말 달지 않고 맛있어요ㅠㅠ ', '너무 인위작인 단맛이 아니고 호박향도 많이 나서 좋습니다 ', '심심한 맛에 괜찮음 ', '무엇보다 너무 달지않고 담백해서 좋았고, 건강한 재료로 만든게 느껴지는 맛입니다. ', '특별히 맛있는 호박죽이라기 보다 평범해요. 뭔가 시골에서 만들어서 맛있고 양도 넉넉할 줄 알았는데 먹다 만 느낌... ', '단맛없이 진하고 구수해서 건강한 맛입니다. 개인적으로는 호박죽이 더 입맛에 맞았어요~ ']",심심하니 그리 달지 않고 적당히 달달해요. 건강한 맛이에요~
gjs,total,4955518990.csv,[사옹원] 추석 설날 명절 제사상 음식 부침개 모듬전 튀김 깻잎전 산적 고기완자 동태전 김치전 부추전 녹두전 빈대떡,"['오미산적은 처음인데 맛있네요. 크기도 크고 두툼하고 땡초부추전은 전에 먹었던거라 맛있는거 알고 있었고 녹두전도 처음인데 괜찮네요. ', '늘 사먹는 브랜드에요 간편히  데워서 먹을수 있고 내용물도  푸짐하니 맛도 좋습니다 떡갈비가 너무 맛있고 모든 전들이  고급스럽습니다  감사히 잘먹을게요 ', '밥반찬에 다좋고 맛있습니다. ', '진짜 바삭하고 간도 되어있고 맛있네요ㅠㅠ 부추전 김치전 둘다 맛있어서 재구매하러갑니더!! ', '부추 땡초전이 좀 심심하긴하고,깻잎전 맛나요~ 고기 듬뿍 간 짭잘하니~ 떡갈비를 아직 못 먹어봤는데 나쁘지 않겠지요? 맛은 가격대비 훌륭합니다. ', '저는 동태전이 젤맛났구 남펴니는 깻잎전이 젤맛나데요ㅎㅎ 부추전도 미니미니한 사이즈로 먹기좋고 맛있어요 ', '구워놓으니 깔끔하고 색감이쁘고 맛도 있고 너무 좋았습니다!!! ', '전은 보기좋아요 대체적으로 짜지않고 괜찮았어요 ', '밀가루가 두껍게 있어그런지 깻잎 향이 덜 느껴졌어요 그런대로 맛은 괜찮았어요 ', '모양이 네모로 딱 각잡혀서 예뻤는데 맛은 좀 부족했던 것 같아요. 인스턴트 느낌이 나서 함께 구매한 다른 것보다 맛이 조금 덜했어요. ']",밀가루가 좀 두껍게 있지만 내용물도 푸짐하고 모든 전들이 고급스러워요. 깻잎전 맛나요~
gjs,total,354396216.csv,부산어묵 밀가루 안쓴 프리미엄 어묵,"['매운건 아직 안먹어봤지만 볼과 봉 맛있었어요.. ', '사각새우어묵하고 같이 간단히 만들었는데 일반어묵보다 묵직해서 적은 양으로 포만감이 대단했구요. 보통 기름기가 동동 떠있는데 정말 느끼함 하나없이 담백했어요. 얇고 공기 빠진 에어캡아니고 촘촘하고 공기 빵빵한 에어캡 느낌ㅋㅋㅋ 밀가루 없다는 말에 구매했지만 담백함과 이 쭨득함이 찐매력인 것 같아요!!! ', '네모 어묵이 탱글탱글 쫀득쫀득하고 맛있어요. 새우 야채 사각어묵도 맛있구요. 근데 전체적으로 짠맛이 강하고 봉은 생각만큼 탱탱하진 않네요 ', '부드럽고 엄청 깨끗한 어묵  너무 맛있게 먹었어요~~ ', '담백하고 조리 해서 먹어보니 풍미도 확실히 다르네요 가격도 양도 맛도 모두 만족스러워요! ', '탱글탱글 느끼하지도 않고 맛있게 잘 먹었습니다!! ', '다른어묵은 담백하니 맛나네요 ', '맛있어서 재구매했어요~ 어묵탕 끓여서 다못먹고 남겨도 쉽게 불지 않아서 조아요~ 쫄깃한 식감에 시중제품보다 휠씬 맛있어요~ 새우어묵은 맛있어서 하나더 구매~ 마니 파시고 번창하세요~^^ ', '이번 상품은 조미료맛이 더 느껴졌기에,, (조미료 못 먹는 가족이라;) 한 달 지나도록 다 못 먹은;  한 입씩 먹다가 얼려놓았어요😭 ', '특히 어묵이 너무 얇아서 맛이없어요.. ']",정말 느끼함 하나 없이 담백하고 탱글탱글 쫀득쫀득... 너무 맛있어요! 다만 조미료 맛이 살짝 느껴질 수 있어요.
gjs,total,454953616.csv,CJ 햇반 컵반 27종 외 오뚜기 컵밥 즉석식품 모음전,"['단맛이 강함 ', '굉장히 MSG MSG한 맛인데 그래도 맛있어요!! 적게 드시는 분은 한 개로 충분하지만 보통 한 개면 약간 부족하니까 커리덮밥 컵반하고 같이 드시면 더욱 맛있습니다! ', '물 원래 선보다 물을 좀 덜 넣는게 더 맛있는듯합니다. ', '궁물류는 맛없고 덮밥류는 맛있어요 ', '낙지비빔같은건 저한텐 좀 매워요 ', '개인적으로 컵반중엔 강된장보리비빔밥이 제일 맛있네요. ', '맛은있는데 좀짜요ㅠㅠ ', '계란후라이 올려서 같이 먹어야 맛있음 ', '사골곰탕을 먹으려고 뜯었는데 밥이 평상시 먹는것보다 너무 딱딱했고, 전자레인지에 4분을 넘게 돌려도 계속 딱딱한상태를 유지해서 버렸습니다. ', '불고기 메뉴는 너무 맛없어서 못 먹겠어서 한 입 먹고 그만 먹었고요. 불고기라는 이름을 달고 이렇게 맛없는 건 처음 봐서 충격이었어요. 그리고 왜 중도가 없이 제육볶음 낚지볶음 오징어볶음 이런 류의 고추장 들어가는 메뉴들은 하나같이 엄청나게 매워요... ']",단맛이 강하고 MSG MSG한 맛인데 그래도 맛있어요! 고추장 들어가는 메뉴들은 좀 매워요.
gjs,total,4691582196.csv,[인도커리기획전] 버터치킨커리 탄두리치킨 로티파라타 난 카레 소스 요리 재료 만들기,"['짠맛이 강함 그리고 난은 우리가 생각하는 그 난이 아니에요. 맛있어요 (에프에 돌려먹어도 맛있어요. ', '카레에 찍어먹으려고 난이랑 같이 구입했는데 이게 훨~~~씬 맛있네요 얇은 패스츄리 호떡같은 느낌나고 반죽같이 생겨서 비닐에서 살살뜯어서 기름없는 후라이팬에 약한불에 구웠는데 진짜 맛있었어요!! ', '코로나로 밖에서 사먹지 못해 검색하다 주문했는데 너무 맛있었어요. 파라타는 난보다 좀 더 쫄깃함이 있는데 도우 형태로 와서 바로 구워 먹는 고소한 맛이 일품이었습니다. ', '그런데 저는 로띠가 더 맛있어요. ', '설명서에 1시간 정도인가 1시간 이상 재우라고 쓰여있는데 하루정도 재우면 더 맛있고 굽기 쉬워집니다. 그리고 간이 덜배서 그런지 겉은 짭짤하고 속은 담백한 탄두리가 되었습니다. 겉이 좀 짰습니다. (1시간은 엄청 묻어남) 그리 짜지 않은 향이 강하고 맛은 담백한 탄두리가 되었습니다. 맛은 카레와는 향이 조금 다르지만 카레 향이 나는 담백한 구운 닭고기라고 생각하면 될 것 같습니다. 잘 재워서 잘 익혀먹으면 향신료에 거부감이 덜한 사람이라면 맛있게 드실 수 있을 것 같네요. ', '예상한맛이었고 바삭하게 구워먹으면 커리랑 아주 잘맞아요! 만족하실겁니다ㅋㅋ 참고로 파라타만 먹을때 연유찍어먹으면 꿀맛입니당 ', '소스들도 대체적으로 다 맛있고, 조리도 간단해서 굿굿!! 맛있게 잘 먹었습니다 ^^ ', '인도 남자친구를 둔 사람으로서 인도커리 너무 좋아하는데요 ㅎㅎㅎ  이번에 시킨 칠리마살라+로티프라타 도 맛있게 먹었어요 ~~~ 개인적으로 칠리마살라는 약간 톡 쏘는 맛이 있어서 버터치킨커리가 더 맛있네용 ', '내가 집에서 한 게 더 맛있어요 두껍고 푸석푸석하고.. ', '갠적으론 매운커리를 좋아하는데 델리 버터커리는 전혀 매운맛이없어서 좀 아쉬었어요 양고기큐브를 좋았어요 난은 자고로 얇고 바삭해야하는데 그렇진 못하네요 ']",난이 우리가 생각하는 그 난이 아니에요. 패스츄리 호떡같은 느낌이 나요. 바삭하게 바로 구워먹는 고소한 맛이 일품이에요!
gjs,total,4669726598.csv,찹쌀치즈볼 1팩 30ea,"['이거 맛있어요 그래도 굴리듯이 구워주니까 맛은 똑같음 튀길때처럼 까매지기 직전까지 노릇노릇 구워야 맛있어요  * 기름에 퐁당 담궈서 튀기기(1~5번 사진): 전자레인지에 짧게 20초 가량 해동한 뒤 기름에 반 담궈서 중불로 데굴데굴 튀기기 해동은 생략 가능~ *노릇노릇~까매지기 직전까지 중약불로 꽤 오래 튀겨야 맛있어요 * 다만 30초 이상으로 길게 해동하면 치즈가 녹아서 밖으로 튀어나오니 주의할 것  2. ', '뿌**치킨을 시킬때 같이오는 요***소스에 찍어먹으면 아주 금상첨화여서 치킨을 시킬때 거의 항상 같이시켜 먹는데요 대만족쓰s~~~~ 생각지도 못하게 매우 비슷하기도하고 만족스러운걸 찾아서 정말 행복합니댜🤣 한봉지에 치킨한번 시켜먹는 금액보다도 저렴하고 B사치즈볼 15개 시켜먹는거보다 저렴해요!! 택배오자마자 식사시간이여서 바로 뜯어서 해먹어봤는데 너므 맛있어요 ', '유튭보고 진***에서 구매해서 먹어봤는데 그건 치즈볼이라기보다는 빵? 식감도 다르고요ㅠ 근데 이거는 너무 맛있어요 베어 물었을때 부드럽게 바사삭하면서 잘려요! 여 헤헤헤 너무 맛있습니다!!! 치즈 시즈닝없이도 맛있게 잘 드실 수 있을거같아요~~~~~ ', '완전 똑같지는 않지만 그렇다고 맛이 덜한 게 절대 아닙니다. 맛있어도 너무 맛있습니다. 저는 튀김기도 없고 에어프라이어도 없어서 고민했는데 리뷰에 나와 있는 것처럼 후라이팬에 기름 넣어서 튀기니 맛있어요. 깊이가 있는 궁중팬같이 생긴 팬에다가 기름을 손바닥만큼 둘러서 한 쪽으로 기울여 3개 정도씩 기름에 담궈진 채로 둘둘둘 굴려가며 익히니 정말 맛있어요. 마침 집에 치즈 시즈닝이 있어 묻혀먹으니 맛있네요. 안에 치즈가 물처럼 흐른다 연유맛이나 크림맛이 난다는 말도 있길래 고민했는데 위에서 언급한 방식으로 조리해서 먹어본 바로는 충분히 쫀득한 치즈가 많이 들어 단맛이나 흐르는 물맛은 전혀 못 느꼈어요. 해동해서 먹었을 때가 안에 치즈 상태도 더 마음에 들었어요. 너무 맛있어서 친구들한테도 모두 추천했습니다 정말 맛있어요. 하지만 너무 맛있어서 금방 또 구워먹기 때문에 금방 먹습니다. b*c보다 크기가 더 두툼하고 크고 겉면이 쫀득하다보니 찹쌀도넛같은 느낌이 나는데 그것대로 맛있습니다. https://m.blog.naver.com/gayuen0019/221940496699 너무 맛나서 블로그에 더 자세한 후기도 남겼어요!! ', '3번 시도 끝에 맛있게 먹은 후기  1. 그리고 치즈 부분이랑 같이 먹으니 달고 맛있었어요!! ', '와 진짜 저 유튜브에 진***제일 비슷하다고 해서 그거 먹어봤는데 안비슷하고 이번것은 진짜 홈페이지 개설까지 기다리면서 샀는데 완전99퍼센트 비슷해요 그냥 유명 그 치즈볼보다 더 맛있어여ㅠㅠ진짜 장난아니라ㅠㅠ 처음에서 가격이 조금 비싸다고 생각했는데 굿진짜 가격값합니다!!!!!! ', '일단 저는 처음에는 치즈볼로 유명한 B치킨브랜드를 생각 하고 주문했는데 솔직히 맛은 전혀 다름니다. 근디 이게 맛이 없다는게 아니라 되려 집에 놀러온 친구들은 치즈용볼이 겉에가 찹쌀도나스 재질이여서 좋아하더라고요. 그럼 더 맛있게 먹을수 있습니다. 적당히 거리 두면서 겉에를 예븐 브라운 될땨 까지 튀기고 전자렌지에 돌리시면 존맛탱 일단 한번 저 레시피대로 드셔보세요. ', 'Bh*랑 지금까지 나온 치즈볼 중에서 가장 비슷하고 맛있어요! 달달하고 바삭하고 맛있어요!! ', '고소하고 단백한 맛 안나요.. ', '원래는 튀겨도 치즈가 밀가루 반죽 같아서 꼭 시즈닝을 뿌려 먹었는데, 이 방법으로 조리하니 치즈가 잘 늘어나고 밀가루맛 없이 단맛이 느껴졌습니다. 에어프라이기나 오븐에 구우면 겉이 빵 느낌으로 푹신푹신해지고 확실히 기름에 튀기는 것이 훨씬 맛있습니다.  + ']",BHC 치즈볼이랑 가장 비슷하고 맛있어요! 치즈 부분이랑 먹으니 바삭하고 달달해요!
gjs,total,2823055812.csv,프리미엄 소시지로 만든 감자 치즈 찰핫도그,"['소세지도뽀득뽀득 맛있어요~ ', '요즘 코로나때문에 길거리 핫도그찾아서 사먹는것도 그래서 종종 마트에서 사다먹었는데 우연히 온라인마켓에서 구매해서 먹어봤는데.... 27개월 우리아들 낮잠이후 간식으로 줬는데 빵부분도 맛있고 더맘에드는건  일반저렴한 소시지를 사용하지않아서 좋아요^^ 가격도 괜찮고 포장도 꼼꼼하게 배송되서 냉동고에 가득채워놓고 우리 부부도 간식으로 맛있게 냠냠하고있어요 ㅋㅋㅋ ', '확실히 프리미엄 라인이 맛있어요👍🏻 감자핫도그는 감자가 너무 부실해서 실망이에요 ', '맛없다고 하시는분 계시는데- 어떻게 조리해서 먹느냐에 달린듯- 일단 전자렌지에 1분 해동후에 에어프라이어에 5분 이내로 돌려먹으면 바삭하고 존맛탱임. ', '요즘 코로나때문에 길거리 핫도그찾아서 사먹는것도 그래서 종종 마트에서 사다먹었는데 우연히 온라인마켓에서 구매해서 먹어봤는데.... 27개월 우리아들 낮잠이후 간식으로 줬는데 빵부분도 맛있고 더맘에드는건  일반저렴한 소시지를 사용하지않아서 좋아요^^ 가격도 괜찮고 포장도 꼼꼼하게 배송되서 냉동고에 가득채워놓고 우리 부부도 간식으로 맛있게 냠냠하고있어요 ㅋㅋㅋ ', '치즈볼은 일반적인맛보다빵맛이강하고  치즈가잘늘어나지않지만 맛있음 핫도그도 맛있음 ', '이번엔 소세지에서 밀가루맛도 나고 닭고기 함량이 많은 소세지 맛이네요... ', '매운맛핫도그가 특히 맛있아요 ', '소시지가 좀 그래요..;; ', '개인차이겠지만 빵이 두껍고 소세지가 너무 맛이없었어요 전 맛이없었어요 ']",개인차이가 있겠지만 소세지가 뽀득뽀득 맛있어요~ 밀가루 맛이 조금 날 수 있어요.
gjs,total,4828948050.csv,인천굴림만두 얇은피 촉촉한 굴림만두 30알 제주돼지고기,"['평소에 만두 좋아해서 고기만두 김치만두 맛 모두 사봤는데 생각보다 너무 맛있어요! 전 후라이팬에 구워서 먹어봤는데 구우니까 겉 얇은 피가 쫀득하게 되더라구요 개인적으로 김치만두가 약간 매콤해서 맛있었어요 ', '배송빠르고 깔끔하고 예쁘게 포장되어오네요. 국에 마지막에 넣으니 어떤건 터지고 어떤건 모양을 유지하고~김치만두가 더 많이 터지긴하지만 별미로 맛있었습니다. ', '엄청 맛있어요. 피가 얇아서 밀가루 걱정 안하고 아이먹이기에 좋고요 고기만두에 고기도 실하고요. 다만 김치만두는 좀매워서 아이가 먹을수 없어요. ', '만두피가 얇아서 먹기 부담없고 밀가루가 소화잘 안되는데 만두 좋아하시는 분들에게 좋아요! ', '굴림만두라는걸 첨 먹어보는데 이 얇은피가 쫀득하니 신기해요  크기는 작은데 내용물이 아주 알차게 들어있고 하나 하나 먹는데 없어지는게 아까웠어요 메밀소바 역시 맛있네요 달지도 않고 짜지도 않고 시원~해요 국물을 자꾸만 후루룩 마시게 되네요 ', '맛은 깔끔한 편이네요. 개인적으로 김치가 좀더 맛있네요. ', '만두피가 얇아서 너무 맛있고 저는 계속 시켜먹을것같아요! ', '제가 원래 만두는 밀가루냄새가나서 별로 안좋아 하는데 이 만두는 진~~짜  맛있네요~ 고기냄새도 안나고  김치만두도 얼큰하고 딱좋아요~ 피가 얇아서 더 맛있는거 같아요~ ', '그냥 일반 만두맛 특별히 맛나지도 않고 그저 그래요 재구매의사 1도 없음 ', '맛없어요.. 식감 깔깔하고 후추 너무 많아요 ']",피가 얇아서 쫀득하고 맛있어요! 김치만두가 맛있긴 한데 좀 매운 거 감안하세요!
gjs,total,4989191438.csv,기장끝집 전복죽 밀키트 전복내장 간편 영양죽,"['맛나게 죽 끓여주셔서 잘 먹었습니다. : ) 맛도 정성들여 제가 끓여먹던 전복죽 이상으로 맛있구요!! 워낙에 진하게 끓여주셔서 소금만 조금 더 넣으니 이렇게 해도 맛있었어요. 쉽게 준비해서 맛나게 먹고 바로 누워도 소화도 잘됬거든요.^.^ ', '제주도에서 먹었던 맛있는 전복죽 그 맛이에요. 부산 전복죽 맛집 맞네. ', '진짜 쉽게 조리가능해서 편했고~ 온집안에 고소한 전복죽냄새가 퍼지네요^^ 후다닥 차려서 먹었는데~ 헐&hellip;제가 힘들게 한 죽보다 훨씬 고소하고 담백하고 맛있네요. 같이 들어있는 전복살도 쫄깃하니 신선하고 정말정말 맛있어요! ', '1개에 2인분정도 되는 양이니 1개로 둘이서 아주 맛있게 먹었어요 혼자있는친구, 그리고 부모님께도 보내드리려고 들어왔다가 리뷰써요~ 맛있게 잘먹었구요 앞으로도 이대로 맛있게 해주세요! 전복도 아주 잘 씹히고 엄청 고소해요 ', '참기름도 좋은걸 쓰시나 ', '온집안에 고소한 전복냄새가 가득!! ', '오래 끓일수록 더 풍미가 살아나는 느낌이었고, 취향에 따라 참기름 살짝 더 추가해도 맛있게 즐길수 있는 전복죽입니다! ', '부산에 갈때면 늘 먹는 해운대 전복죽 맛집이 있는데 그곳은 택배 배송을 안해서 늘 가서만 먹고 오는데 우연히 기장끝집 전복죽 전복내장 밀키트를보고 남편한테 얘기했더니 바로 주문 해보라고 하더라구요. 그리고 다 됬을때 마지막에 참깨와 참기름을 더 넣어서 먹었는데 약간 싱거운듯 해서 소금간 약간만 더 첨가해서 먹었어요. 사진은 맛있어서 찍는거 깜빡하고 먹다가 찍었네요! ', '눌러붙어 딱딱해진 밥알처럼 뻣뻣해서 아무리 고화력에 별방법으로 다 해봐도 밥알이 부드러워지지가 않아 먹을때 식감은 물론이고, 먹고나면 소화도 않됨. ', '호불호가 있을 맛이네요  비린내가 나요ㅠㅠ 왜 비린맛이 나는건지 내장이 비린건가유... ']",고소하고 담백하고 너무 맛있어요~ 약간 싱거운듯해서 소금 약간 첨가해서 먹으니 더 맛있네요 ㅎㅎ 살짝 비린내가 날 수는 있어요!
gjs,total,550637861.csv,"샐러드 배달 도시락 10종 택1, FND건강한오늘","['포장도 깔끔하고 신선해서 샐러드 먹기가 한결 수월해졌어요. ', '개인적으로 불고기보다는 새우가 더 훌륭했습니다. 쉬림프 샐러드는 해산물 특성상 차갑게 먹어도 되고 아삭아삭한 샐러드 식감과 탱글탱글한 새우의 속살이 잘 어울려져 더욱 맛있었어요. 그래서 저는 쉬림프 샐러드를 추천합니다. 그래도 목심으로 제작된 불고기 샐러드는 일반 카페에서 사 먹는 샐러드 보다 괜찮았습니다 : ', '토마토도 싱싱하고 아몬드슬라이스는 고소하구요. 무엇보다 닭가슴살이 부드러워서 맛있게 한끼 식사로 대신할 수 있어요. ', '저는 올리브 너무 좋아해서 샐러드 만들때 올리브 꼭 넣고 많이넣고 밖에서도 올리브많이 달라고 해서 먹고 그래서  올리브샐러드가 진짜 맛있고 좋았어요 포켓샐러드가 리뉴얼되서 양도 많아지고 재료도 더 질이 좋아졌는데 포장은 여전히 잘되서 오고 가격도 착해서 회사에서 한끼로 먹기에도 편하고 집에서도 식사에 사이드메뉴로도 편하고 맛있어서 좋아요 ', '드레싱도 맛있습니다 ', '너무 맛있어요. 아보카도 들어가니 식감도 너무 좋고 진짜진짜 맛있어요. ', '굳 여기 샐러드는 다 맛있어요 꽃맛살도 역시나 맛있네요~ ', '치즈랑 스트링 치즈가 젤 맛나더라구용 ', '저거 하나 들어가있는거 너무 비려요 ', '샐러드 사먹는데 하도 갈변이 심해서 진공포장샐러드검색해서 타샐러드에비해서 비싸도 사먹어보고 괜찮으면 한달치 주문하려했는데 ㅡㅡ 바로 한달치안사길잘했네요 그래도 헹궈먹으면되겠지해서 헹구고 드레싱붓고 한입먹자마자 야채썩은맛나서 못먹고 다 버렸네요 ']",신선하고 아삭아삭해요. 개인적으로 쉬림프 샐러드가 새우가 탱글탱글해서 좋았어요.
gjs,total,5343930116.csv,그로지 X 온드림푸드 특별 공구(6/1~6/4),"['무엇보다 냉동고에서 꺼내서 바로 얼구마로 먹어도 맛있고 살짝만 꺼내놔도 쉽게 해동돼서 쫀득하게 즐길 수 있는데다가 렌지에 살짝만 돌리면 갓 구운 따끈한 군고구마처럼 먹을 수 있어서 너어무 편하고 좋아요❤️ 제가 진짜 이렇게 꾸준히 내돈내산 하는 템이 생길 줄 몰랐는데 불로구마라면 앞으로도 영원히 정착 가능입니다❤️ 맛있는 고구마 편하게 먹게 해주셔서 너무 감사해요!!❤️ 쪼온득 쪼온득 든든하기까지해서 한 개 다 못 먹고 반 개만 먹어두 배불러욯ㅎㅎㅎ❤️ 아 제가 맛있는걸 소개할 때(?) ', '완전 달아요 🍯🐝한 입만 베어물어도 감동받을만큼 맛있어요!!! 무조건 쟁여놓고 먹어야해요 얼려 먹어도 맛있고 녹여먹어도 맛있는 봉로구마 얼른 드셔보세요😝 ', '불로구마 재구매했어요🔥🍠   전자레인지에 2분만 돌리면, 군고구마 ❗️ 냉동실에서 꺼낸 후 5분만 기다리면, 아이스고구마 ❗️ 우유랑 함께 갈아서 먹으면, 고구마샤베트 ❗️  진짜 그릭요거트랑 같이 먹어도 맛있구, 탄수화물 대체로 먹는 것도 너무 맛있어요ㅠㅠ 요즘 단게 너무 땡겨서 불로구마로 대체하고 있는 중인데 불로구마 없었으면 대체 어쩔뻔 💦 ㅜㅜㅜ 항상 맛있고 신선한 음식 감사해요!! 💛 ', '단맛도 깊고 아무튼 너무 맛있습니다!! ', '진짜 맛있어요!!!! 꿀이 보인다길래 엄청나게 달거나 진짜 고구마 단맛이 아닌 꿀맛? 이 나는건가 했는데 자연적인 고구마의 단맛이라서 .. hearts;️  아이스구마 답게 아이스도 맛있긴한데 에프에 구운것도 맛있네요 .. ㅠ ㅠ 고구마 맛있는데 괜히 작으면 속상하잖아요.. ', '엄청 달아요 ', '뜨구마도 따끈따근달달해서 넘 맛있고 얼구마하면 쫀득하면서 달달❤️ 이렇게 맛있는 고구마 처음 먹어봤어요. ', '간식 대신 먹기도하는데 너무 맛나요🤩  간편하고 오래 보관 가능해서 좋은거 같아요 히히 달달하고 디저트 생각이 하나도 안나요ㅎㅎ 넘 꼬숩고 달달하구여 이게 바로 한국의 맛이 아닐까 싶어요? ', '불로구마 처음먹어보고 반해서 공구를 통해 다시 재구매했는데 고구마 굵기에 따라 맛이 달라요.. 처음 주문했을때는 대부분 다 얇고 길쭉한 모양의 고구마들이였고 달고 쫀득하고 너무 맛있었는데 이번에 온 500g 봉지에 담겨온 고구마들은 대부분 굵은편이더라구요 ', '고구마는 모양별로 특 상 중 하 이렇게 나뉘 잖아요 수분을 머금고 자라는 작물이라 그게 다 모양으로 나오고 맛도 결정되는 거로 아는데 저런 동그랗고 겉에 수염이 있는건 안에도 심도 있고 맛도 없다는 건 안먹어도 맞거든요;; 갯수보다는 500그람에 들어가는 온전한 고구마 모양의 크기로 300에 맞춰서 두개 들어있는게 맞다고 생각하는데☹️ 누구나 예쁘게 생기고 맛있게 보이게 생긴 걸 먹고 싶은 마음은 같다고 생각해요: ']",단맛이 깊은데 특히 자연적인 고구마의 단맛이라 너무 좋아요! 꼬숩고 쫀득하고... 다만 모양에 따라 맛이 좀 달라지는 단점이 있어요.
gjs,total,5169284112.csv,"[전원집] 감자탕 3kg (2-3인분), 생생정보 방영 양구 펀치볼 무청시래기감자탕","['더군다나 다른 채소들도 신선하고, 모든 포장이 꼼꼼하게 와서 아주 좋았답니다^^ 불안했었는데, 너무 맛있었어요. 워낙 감자탕을 좋아해서 다양한 감자탕을 많이 먹어 봤는데 굳이 다른 가게와 비교하자면, 자극적이지 않으면서도 감자탕 본연의 깊은 맛이 아주 균형있게 녹아 있는 맛이랄까? ', '(두명이 한끼 먹은 후 사진) 근데 먹어보니 맛이 너무 좋아서 ㅠ  감자탕집서 먹으면 엄청 감칠맛나고 맛있는데 먹고나면 물 많이 먹잖아요? 근데 요감자탕은  간은 백점이고 맛있는데 희안하게 조미료같은 맛도 안나면서 국물이 어찌나 깔끔한지  우거지 넣은 거만 먹어봐서 시래기라 걱정했는데  와  시래기가 이렇게 맛있는건지 첨 알았네요 요즘 밖에서 외식도 못하고   힘든데 너무 편안하고 맛있게 집에서 먹을수 있어서 감사합니다 넘 맛있어서 들깨 넣는것도 잊었고 ', '포장이면 야채들도 신선했고  양도 초등아이 2  포함 4인가족 잘 먹었어요 ', '다른 감자탕은 먹으면 조미료맛 때문에 입이 텁텁한데 전혀 자극적이지 않아좋았습니다. 우거지 정말 많고요 가격대비 훌륭한 음식이라 생각이 듭니다. ', '고기는 평범한데 시래기랑 국물이 아주 맛있네요. ', '택배바로 다음날 왔는데 잊고 있다가 그 다음날 아침에 꺼냈는데 녹지 않았어요 점심때 먹을거라 상온해서 해동해서 점심때 맛있게 잘 먹었네요. 보통 먹던 감자탕과 조금 다른 맛인데 맛있어요. ', '양도 제법 많고 특히 시레기가 정말 부드럽고  맛있어요. ', '너무맛있어요~ 시래기 가득~고기도 부드럽고 국물도 찐하니 맛나고 ㅋ 양도 푸짐합니다 ', '저번에 먹어보고 고기도 실하고 시레기도 맛있어서 엄마께도 또 드려고 두번째 주문해봤는데  복불복인걸까요. 전에 너무 맛있게 주문한건데 정말 실망했어요. ', '시래기도 질기고 고기도 너무 퍽퍽했어요ㅜ ']",보통 먹던 감자탕과 조금 다르게 자극적이지 않으면서도 깊은 맛이 균형있게 녹아있어요! 시래기도 실하고 부드러워서 참 맛있어요.
gjs,total,3448780939.csv,속이꽉찬 수제 유부 주머니,"['반신반의하며 주문했는데 맛있어요.. 다시육수내서 어묵, 버섯, 만두넣고 먹으니 훌륭하네요 ', '살짝 간이 쎄다고 하시는 분들도 계시는데 전 좀 짜게 먹는 편이라 아주 맛있게 잘먹었어요. 같이 구매한 스프랑 끓여 먹었는데 든든하게 잘먹었어요. ', '간편하고 너무 좋은 분말스프 두개에 물1500미리 넣고 간마늘약간 새송이버섯 1개 무조금 대파약간을 넣고 끓이다가 유부주머니 네개는 그대로 넣고 다섯가지 어묵들은 골고루 12개정도 반으로 잘라넣고 적당히 끓인다음 셋이서 와사비장 만들고 갓김치깍두기에 정말 맛있게 푸짐하게 잘 먹었네요.. 같은것도 없고 정말 담백하고 깔끔해서 좋았어요.. ', '그리고 먹으면서 국물 안에서 반을 잘랐니 당면에 간이 되어있는지 국물맛이 살짝 짭짤해지는거 같더라구요. ', '맛있어요. 감칠나고 살짝 매콤한것이 아주 어묵탕 킥으로 딱이에요. ', '후추맛이 강해서 초6아이는 맵다고 한입 먹고 안먹었어요. ', '맛있어요~ 간도 적당해요~ 맛있어요~ ', '스프 국물은 너무 맛있었어요. 맛도 너무너무 맛있었어요. ', '맛은 깔끔한 유부주머니고요 특별함은  없네요 맛있게 먹는 레시피가 있음 더 좋을것 같고 스프도 좀 더 넉넉했으면 하는  생각이 드네요 ', '그리고 속은 너무달아요 ']",살짝 간이 세다고 하시는 분들도 계신데 전 좀 짜게 먹는 편이라 맛있게 잘먹었어요. 매콤한 것이 어묵탕 킥으로 딱이에요!
gjs,total,5379950518.csv,가치올림 냉동 간편 건강 프리미엄 도시락 건강식 저염식 닭가슴살 단백질 식단관리 아침 밥 직장인 점심 간단 매일 배달 현미 2주 FMD 회사 한끼 식사 양많은 헬스 편의점 저녁,"['오늘 받자마자 점심 저녁 먹어봤는데 닭갈비랑 무청시레기 뭐 참치인가 반찬도 짜지 않고 퀄이 좋음. ', '수 많은 다이어트 도시락을 먹어봤지만 햇반을 먹는 느낌이 아닌 정말 집에서 밥 먹는 느낌이었고 반찬의 간도 적절하고 비린내 없이 정말 맛있었어요~! ', '무조건 ✔️그생각이 틀렸어용 ❗️ 정말루 굉장하다❗️ 너어무 신선하고 방금 엄마가 밥 뚝딱 하고 만들어 줘서 먹은 느낌 정말 &ldquo;갓짓은밥&rdquo; 느낌 밥맛짱이렇게 되면 앞으로 다이어트 너무 행복하게 할수 있을거 같은데용 정해진 칼로리에 맞게 맛있는 식사를 즐길수 있다는게 앞으로 진짜 신이 절로 나와용 🎶😆 믿고 먹을수 있는 정말 &ldquo; 가치올림 &ldquo; 진짜 찐이었다 진실 ⭕️어쩐지 인기도 후기도 많은 이유가 있네용 :) 저는 반찬도 반찬 이지만 &ldquo;밥맛&rdquo;이 제일 중요하다고 보는데 &ldquo;가치올림&rdquo; 기름에 볶은 냉동밥이 아닌 ( 100 % 진짜 압력밥) 🍚⭐️ 그래서 정말 꿀맛 으로 식사 하였습니다 . 물론 ❗️ 반찬들도 &ldquo; 말모 &ldquo; 말해모해 진짜  반찬가게 하셔도 될만큼 맛있고 엄마가 차려준 느낌으로 식사를 한거 같아서 무엇보다  좋았습니다 믿고 먹을수 있는 반찬들도 ( 국내산식재료)⭐️ 꼬옥 알아 두세용 ', '반찬도 집밥같이 맛있어요^^  먹을때마다 느끼는건 밥에비해 반찬 양이 조금 부족하다는것^^; 그것만 얼른 개선이 된다면 최상의 도시락이 될것같습니다!!! ', '수 많은 다이어트 도시락을 먹어봤지만 햇반을 먹는 느낌이 아닌 정말 집에서 밥 먹는 느낌이었고 반찬의 간도 적절하고 비린내 없이 정말 맛있었어요~! ', '정말  밥이 맛있네요!!! 란 생각에 자꾸 씹게되는 맛~ 수제 어묵 맛있는데... ', '넘 맛있어서 잘먹고있어요~~^^ 반찬도 조미료 맛이 안나고 건강한맛이고 밥도 쫄깃쫄깃 압력솥에서 갓 지어낸것같이 맛있어요~~ ', '반찬도 집밥같이 맛있어요^^  먹을때마다 느끼는건 밥에비해 반찬 양이 조금 부족하다는것^^; 그것만 얼른 개선이 된다면 최상의 도시락이 될것같습니다!!! ', '사실분들 참고하시길 맛은 있지만 보다시피 고기 세점으로 밥을 많이 많이 드셔야 합니다. ', '개인적으로 단 걸 좋아하지 않아서&hellip; 달잗지근한 맛이 마음에 들지는 않네요. 그런데 밥은 맛있습니다. ']",집밥 먹는 느낌이에요! 반찬도 짜지 않고 간도 적절해요. 밥도 압력솥에서 갓 지어낸 것 같이 맛있어요~
gjs,total,4811455699.csv,풀무원 얇은피만두 2봉x3묶음 총6봉 골라담기+육즘듬뿍만두150gx1봉,"['김치만두 김치만두는 뭐랄까 김치 쉰내가 난다고 해야하나 묘한 향이 아쉬웠어요. 그래도 소에 아주 작은 깍두기가 들어있어서 식감이 좋았고 맛은 좋았습니다. 맛은 있는데 느끼했어요. 설명을 덧붙이자면 비비고는 잔잔하게 &ldquo;오 매콤한데?& rdquo;라면 땡초만두는 &ldquo;와 이거 칼칼하다&rdquo;라는 말이 절로 나옵니다. 비비고의 매운맛에 만족하지 못하시는 분들은 꼭 드셔보세요. 풀무원 얇피시리즈중에 고기만두가 제일 맛있ㄷㅏ(증정으로 온 육즙만두도 맛있었어요!!) ', '찐만두가 얇은피만두가 최고다 그리고 또 선물로 받은 풀무원 생쫄면 이거 진짜 맛있어요~ 속이 너무 꽉차 있어서 한입 베어물면 입안 가득 맛있는 고기가ㅋㅋ제가 이 글을 쓰면서도 입맛을 다시네요~ 속이 꽉차있으면서 칼칼한 매운맛때문에 질리지 않고 느끼하지 않으시대요ㅋㅋ ', '오히려 적당한 시간동안 알맞게 조리되어서 피가 더 쫄깃하고 맛있었어요. 고기만두는 담백해서 맛이 깔끔하고 느끼하지 않아요. 김치만두는 살짝 매콤하고 간장 찍어먹지 않아도 간이 적당합니다. 속에 들어가는 김치가 맛이 일괄적인 식품이 아니라서 그런지 김치만두도 시기에 따라 맛이 조금 다르네요. 땡초만두는 이름처럼 많이 맵지는 않고 매운맛이 조금씩 올라오는데 맛은 고추만두 같아요. 매콤해물교자만두는 매콤한 맛과 해물이 어우러지다보니 불맛도 나고해서 짬뽕이나 중국음식 느낌이 납니다. 고추기름이 많이 나오는데 바삭하게 익혀야 맛있어요. 만두 껍데기를 먹기 위해 만두를 먹는게 아니고 만두소가 좋아서 먹는거라 가끔은 만두피 벗겨내고 속만 파먹고 싶었지만 음식 가지고 장난치는것 같아 실천하지는 못했었는데 얇은피 만두를 만나고 난 이후로는 그런 고민은 날려버리고 맛있게 만두 즐길수 있게 되었습니다. ', '만두피가 얇아서 만두만 집어먹어도 물리지 않아요 gt;&lt; 만둣국 만두가 터져버리면 국물에 기름도 뜨고 맛도 변하거든요 ', '김치만두에 무 들어있는거 식감 너무 좋습니다. ', '교자만두는 고기만두 보다는 조금 슴슴한 편이지만, 다다 맛있어요~~ 역시 늘 사먹던 풀무원 얇은피 고기만두가 최고입니다👍👍 추천해요!! ', '피가 얇아 밀가루 냄새 없고 만두속도 첨가물 맛이 덜해요. ', '얇은피 만두 특히 김치만두 집에서 한것처럼 제입에 딱 맞아요 ', '교자만두는 아직 안 먹어봤는데 어떨지,, 간을 좀 약하게 해서 만드셔도 좋을 것 같아요. ', '매콤해물은 오징어맛이 많이나서 별루에요 ']",만두피가 얇아서 밀가루 냄새가 없어요. 특히 김치만두는 살짝 매콤하고 깍두기가 식감이 좋았어요. 매콤해물은 오징어 맛이 많이 나서 별루일 수 있어요.
gjs,total,2863988882.csv,[CJ] 고메 크리스피 핫도그480gx2+치즈크리스피 핫도그425g,"['전자렌지 돌려서 먹는 핫도그인데도 전혀 눅눅하지않고 쫄깃하니 맛있어요! 잘못 눌러서 피자있는걸로 주문했는데 피자도 살짝 매콤하니 맛있습니다^^ ', '치즈 핫도그 한참 먹다보면 생기는 느끼함이 밑에선 햄 핫도그니 덜 느끼하고. ', '소세지가 너무 너무너무 맛있습니다. ', '항상 크리스피만 시키다가 첨으로 감자핫도그 주문했는데 너무 맛있어사 놀랐어요. 감자가 햄버거가게 나오는 감자맛나요 ', '바삭한 포테이토, 고소한 치즈, 짭쪼롬 소세지. ', '소제지가 조금 짜긴했는데 맛있었어요~ 재구매 의사 있습니당~~ ', '치즈도 많고 맛있어요. ', '치즈도 쫀득하게 맛있어요 ', '빵이 쫄깃하고 맛나요~ 치즈는 소세지 나오기전 윗부분에만 있어요~ 맛은 좋았어요~ ^^ ', '치즈보다 그냥 크리스피가 더 맛있어요 ']",소세지는 너무 짭조롬하고 치즈도 고소하고 쫀득하게 맛있어요! 전자레인지 돌려 먹는 핫도그인데도 눅눅하지 않아 좋았어요.
gjs,total,5265483551.csv,비비고 사골곰탕500Gx18개,"['좀 짜고 조미료맛 나는데 초딩애들은 맛나다고 합니다 ㅋ 사골 집에서 끓이는 건 넘 힘들고 마트껀 조미료맛나고. ', '간도 간간하게 잘 되어있고 떡국 끓일때 된장찌개 끓일때도 좋고 집에서 부대찌개 육수용으로도 쓰고 파 송송 썰어넣고 국물에 밥 말아 먹어도 좋고 ', '맛있어요 ', '포장도깔끔,배송도빠르고 맛있어요 ', '등 항상 비비고 사골곰탕 덕분에  맛있게 요리 잘한다는 소리를 듣네요~ ', '유통기한이 넉넉해서 믿음이 가고 맛도 좋습니다 ', '떡만두국부터,사골 그대로로 활용하기 편하고 맛도좋아요^^ ', '맛이 좋네요. ', '언제 먹어도 맛나고 육수가 진해요 ', '국물밖에 없네요 건더기는  하나도 없어  ㅋㅋ ']",육수가 진한데 좀 짜고 조미료 맛이 난다고 느낄 수도 잇어요.
gjs,total,4540978951.csv,맛있닭 다이어트 닭가슴살 도시락 27종 골라담기 / 1주 2주 식단 볶음밥,"['근데 맛있어서ㅋㅋㅋ 앞으로 쭉 먹을 것 같아요! 개인적으로 당근이랑 콩을 너무 싫어해서 걔네가 반찬인건 슬프지만 밥이랑 닭고기 자체가 맛있어서 대만족이에요! ', '뒷맛이 씁쓸해서 판매자님께 물어보니까 비타민제가 들어있어서 그렇다네요 맛있닭 도시락은 찜팩도 그렇고 이 소스도 그렇고 이런게 특별한거같아요& 저는 맛있닭 도시락 처음먹었는데 넘나 만족만족 대만족! 맛(중화볶음밥&amp;굴림만두 고기) 뜯자마자 볶음밥의 고소한 향기가ㅎㅎ 볶음밥은 계란도 씹히고ㅎㅎ 당근? 만두는 굴림만두를 처음먹어봤는데 약간 피가 전혀 없이 만두속을 먹는 맛? ', '물론 집밥, 당일제조한 밥이 제일 맛있는건 진리이긴 한데.. 작년부터 주구장창 다이어트를 입에 달고 살면서도 결국 닭가슴살도 맛있게 먹을수 있는 먹신의 경지를 가지게 되었다죠? 밀 반죽이 아니라서 굉장히 쫀득쫀득하고 맛있었습니다. 만두가 굉장히 맛있어서 따로 찾아서 주문할 예정입니다. (～￣▽￣)～  소프트 닭가슴살도 닭가슴살 답지 않게 촉촉한 제품이었고 맛있었습니다. 흑흑  그래도 이 제품은 그 다이어트 도시락 중에서는 양으로는 괜찮았습니다. 개인적으로는 맛있게 먹었습니다. ', '닭가슴살도 촉촉하니 맛있고 도시락도 맛있어요 ', '저는 카레를 진짜 너무 좋아해서 랭닭에서 파는 카레맛 제품들은 거의다 먹어봤는데요.. 맛이 은은하면서 깔끔한게 아주 최고입니다ㅠㅠ 또살거예요. 그리고 닭가슴살 볼 깻잎맛 이거 약간 달긴한데 저는 너무 맛있더라구요 소스때문에 색깔이 좀 그래서 첨엔 놀랐지만 소스도 짱맛있고 저는 원래 익힌 야채도 좋아해서 아주 만족하며 먹었답니당 크크  &lt;다이어트 도시락 연근 우엉밥&gt; 연근도 진짜 아삭아삭 맛있어요. 했다가 꼭꼭 씹어 먹으니 아주 꿀맛입니다. 근데 오징어먹물 특유의 텁텁함도 없고 너무 맛있더라구요ㅠㅠ 맛있게 먹었습니당 그리고 저는 피망도 좋아해서 맛있게 먹었습니당  & ', '일단 맛자체에서는 매우 훌륭합니다 동그랑땡도 3개아니고 2개임 ㅠㅠ 지금 1개만 까서 먹은거라 다른건 3개인지 2개인지 모르겠습니다만 ㅋㅋ 여튼 맛자체는 아주 훌륭해서 먼저 새우볶음밥 시켰는데 이번엔 카레를 시켜볼까 ', '다이어트음식 수준에 맛은 괜찮은데 운동 안하고 매번 먹기에는 심심한 수준인 듯. 그래도 여느 다이어트도시락 중 제일 괜찮은거 같습니다. ', '혼합팩 처음 시켜먹어보았는데 내용 구성들이 알차고 무엇보다 맛도 있어서 놀랐습니당 그중에서도 중화볶음밥 이것이 젤 맛있었어용 ', '지금 7팩쯤 남았는데 매일매일 식사시간이 괴로워요 버리자니 돈이 아깝고 음식이 아깝고  (그럼에도 이미 2팩은 버리긴 했습니다.. 버리면서도 가슴이 너무 아팠음.. 죄책감들고..)  먹자니 너무 맛이 없어서 고통스러워요 정도를 넘어서 정말 맛이 없고 성의도 없어요.. 반찬 채썬 닭은 짜기만 하고 나물은 그냥 들어있기만하고 아무 간도 안 돼있고 비린내 잡내 하나도 안 잡혀 있고.. 조금이라도 맛있고 간편하게 끼니를 챙기려던 생각이 이렇게 돌아올줄은 몰랐습니다 물론 진짜 맛있어서 드시는 분들도 있긴 하겠지만요... ', '후기 보면 진짜 맛있다고 그러는데 얼마나 짠데 맛있다고 그러는지 ']",밥이 굉장히 쫀득쫀득하고 맛있어요. 닭도 닭가슴살답지 않게 촉촉하고 맛있구요. 다만 비타민제가 첨가되어 있어 살짝 씁쓸한 맛이 있어요.
gjs,total,4707387344.csv,작은농부이야기 두번구운 누룽지 3kg 백미/현미,"['맛은 엄청고소해요 ', '그냥 먹어도 너무 신선하고 구수하고 맛있고 저는 국 끓일때 누룽지를 조금 넣어서 끓이려고 샀거든요 ', '맛있게 잘 먹었습니다. 구수한 향이 진해서 누룽지만 먹어도 좋고 한 두가지 반찬 곁들여도 또 풍미가 더해져 맛있게 먹을 수 있어요. ', '구수한 향조좋고 맛있습니다. ', '글고 오래 끓였는데도 푹 퍼진 맛은 덜한듯 싶어요.. 그래서 혹시나 싶어서 저도 살짝 부셔서 먹어봤더니 바삭하게 잘 부셔지고 씹힐때도 힘들지 않게 고소하고 맛있네요~^^ ', '고소함이 많이 부족한게 아쉬웠어요. ', '너무 너무 만족해요  누룽지가 두꺼워요 누룽지 하나당 밥은 2그릇 될꺼 같애요 오자마자 그냥 하나 먹었는데 맛은 너무 좋은데 잘 부셔지지만 두께가 두꺼워서 이빨에 안 좋을것 같아 바로 끓였어요 ', '받자마자맛이궁금해서끓여먹어봤는데구수하고부드럽고입맛까다로운울엄마께서도한그릇뚝딱하셨답니다. 융^^간단히김치나맛난젓갈만있으면한끼로충분하고소화도잘되고정말맛있고좋습니다. 계속신선하고맛있고구수한&quot;누룽지&quot;잘만들아서판매해주시길부탁드립니다. ', '밥알이 쌩쌀 불려서 먹는 것 처럼 딱딱하고  맛이  없었다. ', '보기에는 노릇노릇한게 입안가득 고소함이 묻어날것같은데 막상 먹어보니 구수한맛은 차치하고라도 이맛도 저맛도 아니었고 숭늉을 만들어보니 밋밋한맛 외엔 달리 표현할 말이없다 ']",구수하고 향이 진해서 너무 좋아요. 잘 부서지긴 하는데 두께가 두꺼워서 이빨에 그렇게 좋을 것 같진 않아서 바로 끓여먹었어요.
gjs,total,557611448.csv,[이제이 푸드스토리] 떡볶이 345g 쫄볶이 국물 즉석 치즈 짜장,"['떡은 쫀득쫀득 하면서 부드럽고 양념은 매콤하면서 달달한게 너무 맛있어요! 어묵도 맛있구 쫄면도 맛있구 다 맛있음🤩 떡 안좋아해서 평소에 어묵만 먹는 남편도 여기 떡은 맛있는지 진짜 여기가 떡볶이 맛집이네요! ', '곱창이 너무 맛있어서 이번에 여행가면서 먹을것 주문해봤어요 ', '진짜 가성비끝판왕이예요 밀떡에 양념장도 넉넉해서 어묵넣고 국물 넉넉히해서 라볶이 해먹었는데 진짜 엄지척이예요 저희가족 2인이서 이가격에 라볶이해서 먹었는데 배불리 잘 먹었네요 ', '아 그리고 피자는 식용유 두르고 먹으라는 설명서가 있었는데 식용유두르지않고 조리해서 먹었는데 바삭한맛도 나름 괜찮네요 ', '맛있긴한데 애들이 먹기에는 순한맛도 맵네요^^ ', '지난번에 어묵 따로 넣어서 떡볶이 해먹어보고 맛이 괜찮아서 재주문했어요 아이들 먹기에는 순한맛이 좋아서 이번에는 순한맛으로만 주문!!! ', '맛있어요 순한맛 2봉에 김말이 1봉 해서 만들었는데 핵존맛 소스가 너무 맛있어요 오뎅 안좋아하는데 오뎅도 존맛탱 ', '떡볶이 맛나요. 닭봉도 같이 주문해서 에어프라이어에 첨 해봤는데 양념도 맛나고 좋네요. ', '매콤하니 맛나네요~^ ', '맛있게 매워요 잘먹었습니다 ']",밀떡은 쫀득쫀득하면서 부드러워요. 양념도 매콤하면서 달달한데 아이들 먹기에는 순한맛도 매울 수 있어요^^
gjs,total,2532904902.csv,청춘현미누룽지 1봉지 500g,"['참  이누룽지로는  그냥  끓여도 맛있지만  청경채 새우  버섯  전분  굴소스  등등  여러가지   채소넣어  걸쭉하게  만들어   누룽지  튀긴거  넣어서  먹으면  진짜 맛있어요 ', '저희 엄마도 맛나다고 좋아하십니다!! 주위 분들과 나눠 먹었는데 다들 맛나다며~ 씨리얼 그거 은근히 당도 높고 칼로리 신경쓰이는데 현미 누룽지를 대체로 먹어본바 너무너무 맛있어요!! 가성비좋구 여러가지 누룽지 특히 현미를 많이 먹어봤는데.. ', '크기도 사진과 같이 먹기 좋은 사이즈입니다 바삭바삭 과자같이 맛있어요 씹는 맛도 있고, 한가지 단점이 있다면 먹는 것을 못 멈추겠습니다ㅋㅋㅋ ', '그냥 먹어도 맛있고 끓여먹으면 구수하고 재구매의사 만땅입니다!!! ', '고소하고 맛있어요. 주변사람들한테도 소개시켜줬는데 다들 고소하고 맛있다고해요. 뜨거운물 부어 차처럼 먹어도 고소하고 맛있어요. ', '바삭바삭하고 그냥 먹어도 너무 맛있었어요 완전 튀긴거처럼 바삭하고 맛나기만 하네요 ㅎ ', '과자를 먹으면 속이 안좋아서 입이 심심할때 누룽지를 먹곤합니다. 그런데 이번 상품은 과자같이 바삭거리면서 그렇게 딱딱하지도 않고 구수한게 맛있기까지 합니다. ', '이마트에서 처음 먹어보고  맛있어서 또 구매해봅니다. 찹쌀도 먹어봤는데, 현미가 더 바삭하고 고소하고 좋아요! ', '요 구수한맛 없고 그냥먹기도 끓여머키도 애매합니다 ', '맛이없어요 ㅜ 향은구수해요 ']",그냥 먹어도 바삭바삭 과자같이 맛있고 씹는 맛도 있어요. 끓여먹어도 구수하고 맛있어요!
gjs,total,688704114.csv,샐러드 배달 1주 패키지 샐러드 도시락,"['채소가 신선한게 확 느껴짐! 소스랑도 잘어울리고 제입엔 딱맞아요! ', '그때나 지금이나 똑같이 맛있고 신선하네요! ', '다만 다른분들 댓글처럼 소스가 아주 정직하고 양이 좀 작아 샐러드가 싱거운 느낌은 있습니다 정직하게 다이어트 하기에는 최고인거죠~^^ ', '불고기 생각보다 더 많이 맛있고 씹히니까 좋았고 치즈는 제 최애샐러드에여 너무 맛있어서! 그리구 닭가슴살볼도 저는 개인적으로 맛있게 먹었어요 ', '포장상태가 좋아서 생각보다 재료가 신선한 느낌이 들어 맛있게 먹었습니다 크래미샐러드만 먹어봤는데 드레싱이 조금 적은 듯 싶었지만 재료가 괜찮아서 그런지 다 먹고나서는 적당하다 싶었어요 ', '전 숯불두 고소해서 괜찮더라구요.. 비엔나 소시지는  괜찮은데  끝맛에 나는 비릿함?? ', '이번엔 야채 상태도 최강 싱싱하고 역시나 맛있습니다!! 야채랑 같이 들어있는 메추리알 3알과 고구마 큐브가 포만감과 달달한 맛을 줘서 먹는 재미가 있어요 그리고 메인 단백질마다 토핑과 소스를 잘 배합해서 여러 종류를 질리지 않고 다 맛있게 먹을 수 있어서 좋았어요!! ', '불고기는 좀 질기고 훈제오리랑 닭가슴살은 촉촉하게 맛있네요~ 안에 채소도 시들하지 않게 들어있고 고구마큐브도 맛있었어요! ', '맛도 좋고 깔끔하고 다 좋아서 요즘 자주시키는데요~ 주문한것중 반이 메추리알이 시큼? ', '다만 근래에 먹어본 샐러드중에 최악이었어요 닭가슴살은 너무 퍽퍽하고 불고기는 턱 나가는줄 알았네요, ']",채소가 신선한게 확 느껴져서 좋았어요! 소스랑도 잘 어울리는데 다만 소스가 정직하고 양이 좀 작아 싱거운 느낌은 있어요.
gjs,total,2115940457.csv,[봉봉샵]봉봉스떡볶이- 똥손도 만드는 초간단 반조리 국물떡볶이 짜장 로제 까르보 누들떡볶이,"['맛있게 맵네요. ', '살짝달지만 그래도 시제품중엔 젤 맛나요 ', '적당히 맵고 맛있어요~ ', '어쩜 떡이 그렇게쫄깃 ㅎㅋ신기해요 급하게해서다른걸넣지못했지만 너무맛있게먹었어요 ', '파스타를 먹는기분~~~ 아이들이 맛있다며 다 먹는바람에 남은 소스만 박박모아 먹었네요^^ ', '갠적으로 밀떡을 좋아하지만 봉봉스 누들떡은 정말쫄깃하고 먹기좋네요~ 이제 다먹어서 빨리또 구매하고 맛있게 먹겠습니다 ', '여러군데 떡볶이를 시켜먹어봤지만 이 집이 제일 맛있어요^^ 지난번 시켜먹었을 때 로제크림이었던가 맛있었는데 깜빡하고 이번엔 못시켰네요 기존 떡은 하도 얇아서 떡 느낌이 안나거든요... ', '이번에 먹어보니 매운맛이 더 줄어든것같은 느낌. ', '지극히 개인적인 입맛인데 제 입에는 조금 짜네요. ', '요즘 면떡볶이가 유행이라 호기심에 구매해봤는데떡식감은 재밌어 좋은데요, 소스맛이 살짝 시큼한게 있어 전체적으로 맛있었습니다~ ']",적당히 맛있게 맵고 소스가 맛있어요. 다만 살짝 시큼한 맛이 느껴졌어요. 누들떡도 쫄깃하고 좋아요.
gjs,total,485961063.csv,한만두 콘치즈군만두420gx2+투명한 김치만두420gx2+마라만두168g,"['맛있고 다른만두먹다 먹으니 색달라 좋습니다 ', '고소하고 달콤한게 너무 맛있어요^^ ', '메밀전병이랑 콘치즈랑 매콤갈비 시켰는데 너무 맛있어요 !! 세개중에 저는 매콤갈비만두가 젤 맛있었어요 ㅎㅎ ', '진짜 너무 맛있어서 더 살껄 후회중이에요... 맥주랑 먹어도 존맛일듯 ㅜㅜ 에어프라이어에 돌려먹었는데 진짜 맛있어요ㅜㅜ 안에 콘치즈 듬뿍이고ㅜㅜ 진짜 추천합니다!ㅠㅠ ', '콘 치즈만두 맛있어 보여서 구매해서 먹어봤는데 진짜 맛있습니다. ', '콘치즈맛 만두 모임에서 처음 먹어보고 친구들도 같이 주문하네요 ', '이벤트가로 저렴하게 사서, 그렇게 기대는 안했는데 진짜 맛있어요!  - 갈비만두, 너무 달지 않고 적당히 달달해서 맛있어요 - 살짝 달달하면서 살짝 매콤해서 이게 진짜 맛있어요! - 쭈꾸미만두, 이런 쫀득한 피도 좋아한느데 갈비만두랑 색다른 맛으로 맛있어용! -콘치즈군만두, 이건 아직 안먹어봤는데 맛있을것 같아요 ', '거기다 속에 떡도 들어있는지 쫄깃쫄깃한게 맛있어요~ 중독성 있는 맛이라 너무 맛있어서 한봉지만 산게 아쉬워요ㅠ ', '제 입맛엔 그냥 그래요 ㅎㅎ 옥수수의 단맛과 치즈의 짠맛을 기대했는데 옥수수나 치즈맛은 안나고 시럽? 같은 단맛만 나네요 ㅎㅎ ', '치즈의 짭짤함과 콘의 톡톡터지는 달콤함을 기대했던 저에게는 좀 실망이었어요... 안에 달달한 소스가 들어있는데 제입엔 너무 달아서 치즈의 맛은 전혀 느낄수 없었어요... 옥수수의 달콤함보단 소스의 달콤함만 느껴지는... ']",매콤갈비만두는 적당히 달달하고 매콤해서 제일 맛있었어요. 콘치즈는 맛있어보여서 구매했는데 고소하고 달콤하지만 소스에서 시럽 같은 단맛만 나서 치즈의 맛을 느끼기 힘들었어요...
gjs,total,4750036094.csv,청량리 짱구네 수제 야끼만두 50개,"['짱구네 야끼만두를 친구집에서 친구가 먹어보라고 줬는데 넘나 맛있는거에요 다른집 야끼만두 먹었봤는데 그렇게 맛있는걸 못느꼈는데..;; 이상하게 짱구네가 그리 맛있어서 네이버에서 주문했어요 ㅋㅋㅋ   & 없이 고소~ 해서 데울때 부터 맛있는 냄새나요 ', '기름쩐내따위 1도 용서하지않는 고소한맛이고요 깨끗한기름에 튀기셔서 그런지 색도 노르스름하니 아주좋아요!! 떡볶이랑 맛있게먹고 매점서먹던것처럼 컵라면에도 넣어먹을꺼예요~! ', '소분보관하고한개집어먹어봤는데기름이너무많아고소한맛이아니라느끼하더라구요 ', '만두피는 옛날에 먹었던거랑 비교 했을때 두꺼워요 ', '야끼만두를 찾으면서 건강한 맛인지를 논하면 안되죠. 요즘은 떡볶이집에서도 찾기 힘든 야끼만두를 저렴히 집에 구비해 두고 떡볶이를 해먹을 수 있는게 좋은거죠. 맛도 이게 맞다 첨에 오자마자 후라이팬에 살짝 구워 먹은게 젤 맛나네요. ', '박스를 열어보니 짱구네에서 맛있게  먹는 방법을 자세히 적은 종이가 보이고 비닐로 50개씩 벌크로 포장되어  있네요. 다른분들은 딱딱하고 맛없다고 하셨는데 제가 받은것은 보드랍고 당면도 말랑하고 맛있었어요. ', '너무 큰 기대보다 옛날 초등학교 앞에서 하는 느낌 다시 느끼고 싶다면 사고, 정말 맛있는 만두를 원한다면 실망할 듯요 ㅎㅎ ', '기름이 세어 나오거나 하는건 없었는데 안에 봉지는 기름 범벅이여서 위생장갑 끼고 바로 시식했어요~  조금 질긴듯 했으나 당면이 막 딱딱하지도 않고 제 입맛엔 맛있어요 배송 오래걸리는거 예상하고 ㅎㅎㅎ 기대이상으로 맛있습니다 ^^ 그 생각하며 여기저기 사먹어 봤는데 솔직히 그 맛이 아니고 다 별루 였거든요 ', '많은기대를하고 불평없이 기다렸고 오늘 오자마자 떡볶이와함께먹었는데 너무딱딱해서 어른도먹기힘들정도더군요. ', '저 그렇게 고급입맛도 아니고 그저 초등학교때 학교앞 분식집에서 팔던 야끼만두맛이 생각 나서 시켰는데.. ']",초등학교 때 분식집에서 팔던 야끼만두 느낌이에요~ 다른 분들은 딱딱해서 먹기 힘들다고 하셨는데 제가 받은 건 부드럽고 고소해서 좋았어요.
gjs,total,505353971.csv,윤영근의 착한나물 맨밥에 비벼먹는 곤드레 비비는 이야기,"['하나 뜯어서 밥에 참기름만 두르고 비벼 먹어봤는데 너무 맛있네요 양념 아무것도 안했는데 기본양념이 되어있어 삼삼하게 맛있네요 ', '곤드레 먼저 먹어 보았는데 오~ 맛있네요! 아이가 안 먹으면 어쩌나 했는데 계란 얹어 주니 냠냠 맛있게 잘 먹더라고요~^^ 맛 보고 입맛에 맞는 걸로다가 쟁여놓으려고 해요. ', '그냥 밥에 비벼먹어도 된다고 해서 속는샘치고 구매 했어요~~서비스로 시래기 나물 한팩도 주셨는데 맛있었어요. 저희 집이 간을 심심하게 먹는편이라서 나물의 간이 좀짠것 같아서 조금씩 넣어서 먹었더니 간이 맛네요 전 아이들 아침에 밥 먹기 힘들어서 곤드레 나물이랑 베이컨을 볶아서 삼각 김밥 처럼 만들어서 줬는데 아주 괜찮았어요~~ ', '곤드레 먼저 먹어 보았는데 오~ 맛있네요! 아이가 안 먹으면 어쩌나 했는데 계란 얹어 주니 냠냠 맛있게 잘 먹더라고요~^^ 맛 보고 입맛에 맞는 걸로다가 쟁여놓으려고 해요. ', '배송이 빨리왔어요 받자마자 뜯어서 맛보고 넘 맛있어서 밥에 휘리릭~~~비벼서 뚝딱 했습니다 ㅎㅎㅎ 간도 적당하고 짜지않습니다! 무엇보다 아이들이 좋아할만한 간과 식감을 가져서 잘먹을것같습니다 사은품으로주신 시래기2봉두 넘넘~~ 잘먹겠습니다 😍😍 맛이너무 좋아서 아마도 양이더 적게느껴지는게 아닌가합니다‼️ ', '나물들이 너무 부드럽고 맛있어요~ ', '고소하고 간편하고 간도 잘 맛고  맛있어요 ', '이것만 갖춰져있다면 나물이 들어갔을때 꽤 괜찮아요. 하지만 단독으로 맛있게 먹기엔 무리입니다. ', '그리고 한 봉지 뜯어서 밥 비벼서 먹었는데 두 스푼 정도 까끌꺼리는 식감이 느껴져서 아쉬웠습니다 ', '맛은 괜찮은데 생각보다 수분함량이 높은거 같아요 시래기도 별로 질기지 않고... ']",기본양념이 되어 있지만 간도 적당하고 짜지 않습니다. 시래기도 별로 질기지 않고 부드럽지만 두 스푼 정도는 까끌거리는 식감이 느껴졌어요.
gjs,total,4672014584.csv,뽀로로 컵 떡볶이×1개  매콤/크림/짜장/랍스터맛,"['짜장도 맛있네요ㅎ 잘먹었습니당 ', '짜장이 제일 맛있어서 일단 이건 무조건 사야해요 크림도 잘 먹어요 ', '냄비에 살짝 끓여서 졸이면 더 맛있어요 ', '짜장이 젤 맛있어요 ㅎㅎ ', '맛있다고잘먹었어요. 크림은 자기스타일이아니라더니 짜장은맛있대요. ', '아이가 뽀로로짜장떡볶이랑 크림떡볶이가 먹고싶대서 처음 구매해보는데 맛있게 잘 먹네요^^ 제가 먹어봐도 쫀득하고 양념도 맛있고 좋아요! ', '아이가 넘 좋아쇼~ 초코퐁은 우유맛이강해요 ', '애기가 넘 잘 먹구 저도 맛있어서 같이 먹어요^^ 크림도 맛있어요~! ', '매콤떡볶이는 매운거 못먹는 아이는 못 먹더라구요~ 짜장이 제일 맛있네요. ', '랍스터는 새우 갈은맛나요~ ']",쫀득하고 양념도 맛있어요! 짜장이 정말 맛있네요. 매콤떡볶이는 매운거 못 먹는 아이는 못먹을 수 있어요~
gjs,total,5203381111.csv,올반 흔한남매 찰핫도그 80g,"['에어프라이기가 없어서 바삭하지는 않지만 겉 빵이랑 치즈랑 전체적으로 부드럽고 맛있어요. ', '찰핫도그라 약간 쫄깃한 식감이 맛있어요. 치즈랑 소시지 반반이라 각각의 맛을 즐길 수 있는 것도 좋습니다. ', '와 에프 돌리니 진짜 맛있어요.. ', '핫도그가 맛있습니당 ㅎ ', '쫀득하고 맛있어요 잘먹었습니다 ', '애프 돌리면 바삭바삭 아주 맛있어요! ', '맛좋고 치즈도듬뿍들어가있어좋아요 ', '맛있어요 치즈 많음 ', '치즈가들어있어 부드럽고맛있어요 ', '치즈부분은 맛있는데 햄 진짜 엄청 맛없어요 ']",빵이랑 치즈가 전체적으로 부드럽고 맛있어요. 찰핫도그라 쫄깃하고 좋아요. 다만 햄은 조금 맛없어요.
gjs,total,2618939832.csv,부산어묵 쌀어묵 찐어묵 유부주머니 국제시장 어묵,"['쫄깃하면서 특유의 비린내가 안나요!! ', '단단한 느낌~ 다음날 먹어도 퍼지지 않고 쫀쫀함이 유지되어 맛있었어요. ', '쌀로 만들어서 그런지 속이 편하고 쫄깃하니 넘 맛있어요. ', '쫄깃하고 맛있어요~ ', '항상 재구매~~~데치지 않고 요리해도 기름이 뜨지 않아 느끼하지 않아요. ', '쫄깃하면서 특유의 비린내가 안나요!! ', '치즈어묵 다른곳에서 시킨게 기름지고 달아서 여기서 주문했는데 담백하고 달지않고 맛있어요. ', '온가족 밥반찬으로도 히먹고 어묵탕 끓여서도 넘 맛나게 먹었어요!!😊❤️ 비린내도 하나도 안나네영 !! ', '타사에서 주문해먹다 궁금해서 시켜봤는데요 많은상품평에 비해서는 기대이하 입니다ㅠㅠ어묵이 오래된건지 딱딱해요 ', '고추핫바인데 매운맛도 별로 없네요 ']",다음날 먹어도 퍼지지 않고 쫄깃하니 넘 맛있어요. 요리해도 특유의 기름이 뜨지 않아 담백하고 비린내도 하나도 안나요!
gjs,total,3913907531.csv,프리미엄 냉동도시락 점심 건강 간편 도시락 넉넉소반 12종 골라담기,"['너무 맛있고 양도 적지않아서 일반식으로 딱입니다. 간도 너무 세지 않고 심심한듯 맛있고 야채도 냉동 도시락임에도 불구하고 냉장야채같이 싱싱하네요. 오리훈제부추  평소에도 소세지는 좋아하지않아 소세지메뉴와 버섯탕수육은 바삭하지도 버섯식감도 없어 개인적으로 별로였긴했어요 ', '으로(전반적으로 소스도더들어가고 싱거움이 덜해져서 평균입맛에 좀더 가까워졌지만)생야채들 냉동됐다 해동된 그 물컹물컹한 식감 극혐하시는분. 카레짠거 개선됨. 평소 접시에 덜어 뎁혀먹고 싱거운스타일을 좋아하는 나는 불만이 없었지만 쨋든 예나 지금이나 잘 먹고있음. 소세지 계란지단 비린적이 좀 있었음. ', '처음에는 넉넉소반을 시켜먹다가 요즘은 식단 관리 하느라  곤약닭밥을 시켜먹고 있는데 정말 맛있어요. 그런 냄새도 없어서 좋고, 약간 매콤해서 저는 오히려 더 좋은거 같습니다. ', '잔슨빌소시지/쉬림프타르타르/두툼한등심돈가스 표고채탕수육/촉촉한삼겹수육  ★ ★ ★ ★  단짠소불고기/향긋한깻잎닭갈비/훈제오리와부추  곤약닭밥카레는 이번에 첨시켜봤는데 오호 또정착할메뉴다 좋아했는데(카레좋아함) 짰어요ㅠ ', '생각보다 포만감 있고 돈가스도 맛있어요! ', '성인여자 1인분 일반 식사양으로 넉넉하고 배부릅니다 포만감도 오래가요 맛도 12가지 한번 다 먹어보고 맛있는거만 시켜야지 했는데 지금 절반 넘게 먹었는데 다 맛있어요 곧 재주문 할거 같습니다 ', '맛은 있는데 후기에 나와있는것만큼 반찬이 엄청나게 푸짐하고 맛있진 않았어요. 반찬은 생각보다는 부실한데 밥은 식감이 갓지은밥처럼 맛있었어요! ', '오늘 세번째인데 생각보다 소시지 맛있네요. 어제그제 먹은건 좀 밍밍했어요. ', '맛 없어요. 간이 하나도 안 맞습니다. 니 맛도 내맛도 아님. 닭 비린내 납니다. ', '샐러드재료가 좀 신선하지않은 느낌이네요ㅜ ']",간이 너무 세지 않고 심심한듯 맛있어요. 밥은 갓지은 밥처럼 맛있는데 반찬은 생각보다 부실하긴 하네요.
gjs,total,5553233399.csv,오르막 떡볶이,"['볶음밥: 볶음밥을 조리하면 정말 너무너무너무 달아집니다. 자극적인 배달 떡볶이도 볶음밥을 만들면 살짝 순해지는데 오르막은 확 달아지고 안 매워져서 김치볶음밥이 더 매울 정도였어요... ', '떡볶이 한 입씩 물 때 그 쫀득함이 너무 맛있다. 처음은 어렵겠지만 이렇게 여러 과정을 거쳐 [오르막 떡볶이]만의 특별한 맛이 정착했으면 좋겠어요. ', '전 맨 처음에 리뷰이벤트 당첨돼서 먹었던 수비드 방식의 오르막떡볶이가 좀 더 그리워요🥺 이번 것도 물론 맛있는 건 사실인데 뭐랄까 떡의 식감이나 양념이 밴 정도가 살짝 달라졌고 예전의 양념 맛이 좀 더 개성있었던 느낌...! ', '진짜 맛있게 매콤해...✨ 진짬뽕면 넣어도 맛있고요 진짜 멸치칼국수면 양념 기가막히게 잘베어요✨ 3️⃣로제떡볶이 와 로제 진짜 오픈 때 실패하고 눈물을 흘리며 그땐 짜장과 오리지널만 구매... 소스가 매콤하니 하나도 안느끼하고 첵오‼️‼️‼️ 🌼주저리주저리 했지만 안먹어보면 몰라요🌼  I ❤️ Ormak ', '떡이 굉장히 쫀덕해요 오뎅도 싼 오뎅같지 않고 통통하고 떡도 통통하고 크고양념도 매콤달콤 ㅠㅠㅠ 포장 배송 음식 모두다 신경쓰신게 느껴져요 스티로폼박스안에 아이스팩까지 완벽 ㅠㅠㅠ학교앞 즉석떡볶이 맛 또는 고급진 편의점 떡볶이 맛이랄까.. ', '상시판매로 바뀌고 나서 오랜만에 구매했는데요, 역시 맛은 최고!! 진짜 맛있어요. 그런데 떡이 좀 많이 아쉬웠습니다ㅠㅠ 예전에 사선떡이 아닐때는 정말 쫄깃 쫀득하고 냉동떡이 아닌것처럼 너무 맛있었는데, 떡이 바뀌고나서 젓가락으로 누르니까 저렇게 다 부스러져요ㅠㅠ 소스 맛 자체는 변함없이 맛있어요!!!❤️& ', '정말루 인스타에 올라오는 사진이나 후기들보고 너무 맛있을것같아서 오픈날만 기다렸다가 오픈하자마자 바로 사서 어제 도착하자마자 저녁에 동생이랑 해먹었는데 너무 맛있어여 정말... 배달떡볶이맛 아니고 뭔가 집에서 먹을수 있는 젤 맛있는 떡볶이가 아닐까싶어요!! (집떡볶이 느낌+맛있는 맛+맛있는마아아앗)화민이 추천해주신 레시피대로 떡볶이에 파넣고 먹고 남긴 떡볶이랑 어묵 잘게 잘라서 밥넣고 참기륵 휘릭하고 김가루넣어먹으니까 진짜 존맛탱ㅠㅠㅠ치즈는 그냥 제가 넣고싶어서 넣었는데 너무 맛있더라구요... 암튼 배달떡볶이보다 건강할 것같은데 맛도 엄청 맛있고 조리하기도 편하고 가성비 좋구 ㅠㅠㅠ떡볶이속에서 헤엄치고싶은맛... 소스도 너무 맛있구 .. ', '처음 출시됐을 때 저는 맛있게 먹었기 때문에 이번 버전도 더 기대했는데 더 맛있네요 .. 달짝지근하고 어묵이 전이랑 비교도 안되게 통통하니 맛있어요 떡은 말할 것도 없구 저는 파만 추가해서 먹었습니다 ', '그리고 짜장 떡볶이에서도 리뷰를 남겼는데 진짜 가장 큰 문제가 떡볶이보다 사리로 넣은 라면이 더 맛있다는 겁니다 사리를 넣지 않았으면 절대 안먹었을 떡볶이고 두명에서 먹고 사리까지 했으니 양은 꽤 됩니다 제 입맛엔 별로에요 당장 내 집앞에서 2500원이면 사먹을 진짜 맛있는 시장 떡볶이를 나두고 라면 사리를 빼면 손이 가지 않을 맛인 떡볶이를 7500원이나 주고 먹진 않겠죠.... ', '편의점 떡볶이나 밀키트 떡볶이 중 맛있는 편인 평범한 달달떡볶이입니다. 그리고 조리하면 떡이 갈라지는 게 아쉬웠네요. 맛의 특별함이 있다면 가격 감수하고 구매할 의사는 충분하지만 솔직히 그러한 특출난 맛도 없었구요! 시중에 풀무ㅇ 편의점 컵 떡볶이랑 맛 제일 비슷해요. ㅇㅇ ']",달달한 떡볶이입니다. 볶음밥을 조리하면 너무 달아지긴 해요. 떡은 살짝 아쉬웠어요. 조리하면 갈라지고 누르니까 다 부스러지더군요...
gjs,total,4547257614.csv,리얼감자탕(넉넉한 2인분),"['이번에 큰 암수술을 하게된 19살 딸래미가 잘 먹지도 못하고 입맛이 없었고 제한해야할 음식이 많아서 시켜먹는건 생각도 안하다가 감자탕이 너무나 먹고싶다길래 저희동네 감자탕맛집 엄청 많지만 조미료도 많이 들어가있고 간이쌔서 먹일수없고해서 한번 시켜볼까하고 주문했는데 저희딸 먹는내내  엄마! 여기 대박이야 간도 쌔지않고 너무 담백하고 맛있어 하면서 그동안 밥도 안먹던애가 어제저녁 밥 두공기 먹었어요~ 안먹였는데 정말 오랫만에 밥 두공기나먹고 조미료맛도 안나고해서 더 주문할꺼예요~^^ 저 정말 리뷰 안쓰는 사람중 하나인데 엄언니 인스타보다가  대구에서 사업하는 남편한테 뒷고기부터 대구에서 엄언니 맛있게 드시는것들 보내달라고해서 먹었지만 감자탕이 최고네요~~~^^ ', '혼자 사시는 친정아빠께  한번 드셔보시라고 내어드렸는데 앞전에 다른 인스타판매자분이 파시는 감자탕에 크게  메리트못 느꼈는데 엄언니네감자탕 국물 한숟갈뜨는 순간 진짜 텁텁함 1도없이 깔끔해서 놀랬어요 ', '저랑 신랑 대전사람 이라 대전에 일&times;감자탕이라고 유명해서 자주 갔었는데 신랑이랑 둘이 거기보다 훨~~씬 났다고 그곳은 조미료맛이 너무 강해서 먹다보면 느끼하고 그느끼함을 잡으려 너무 맵게해서 다음날 화장실 들락거리고 그랬는데.. 요기는진짜 진하고 깔끔하고 감칠맛에  얼~~큰~~하니 너무 맛있는데 담날 속까지 편안~해요!! 라면사리 안먹을수가 없다며 라면사리 먹고 김치 쫑쫑 썰어 넣고 볶음밥까지 야무지게 해먹었자나여ㅋㅋ엄언니 인스타 감자탕 먹방 동영상 보면서 더 맛있게 먹었어여❤❤언니 너무 복스럽고 예쁘게 맛나게 드시자나여😆😆  진짜 너무너무 맛있고요!! ', '뭔가모르게 배달되는건 잡내가 항상느껴져서 맛있게 먹은 기억이 없네요~~ 잡내도 없고 이가격에 고기나 우거지? 물에빠진고기는 절대 입에도 안대는 둘째딸이 라면사리까지 맛나게 먹더라구요~~^^ ', '시래기도 너무너무 충분하고 살밥도 엄청 많네요 아니 진심 맛있어요 ', '너무너무 맛있어요😍 1년 이상 인스타 팔로우하며 사장님 소식 보고 있었는데 마침 저희 직장에 새로 들어온 직원도 사장님 감자탕 주문해서 먹었는데 너무 맛있다 포장도 꼼꼼 깔끔하고 고기도 땡땡 얼어서 신선도 좋게 택배 오고 목욜 오후 주문해서 토욜 점심에 택배 받자마자 바로 먹을거라고 물 쪼큼 부어서 뚜껑 닫고 약한 불로 끓였더니 얼었던 고기도 금방 녹더라구욧! 중학생 딸내미랑 끓여서 고기 한점 먹는 순간 둘이서 감탄감탄을 ㅋㅋㅋ 국물 한입 먹는 순간 크~으~!!! 밥 쪼큼이랑 고기 살 다 뜯어 먹고 배불러서 담날 일욜 아침 남은 국물에 사리면이랑 떡국떡이랑 만두 넣어 전골처럼 끓여 먹었는데 이것도 끝내주더라구요^^ 중학생 딸내미가 하는 말이 &quot;엄마 양도 양이지만 감자탕 맛이 너무너무 맛있어~!!! 다른데 감자탕은 못 먹겠다고~ 고기도 부드럽고 살도 많고 국물은 깊고 진하고 간은 딱이고~ 참! 쭈욱~ 이렇게 맛있는 감자탕 계속 만들어주세요❤️ ', '더운 날씨 맛있는 감자탕 끓이신다고 고생많으시죠 구매해보고 너무 맛나서 꾸준히 구매해먹는 소비자입니다 중삼이 초육 초사 그리고 남펴니 ㅎ 이거 하나면 아주 한끼 쉽고 편하게 또 맛나게 해결합니다  맛이 있으니 아무도 불평 안하구요 !! 저희 가족은 깔끔하고 자극없는 부분이 맘에 들어서 오늘도 시키러 왔어요 ㅎ ', '깔끔하게 잘 포장되어 왔어요, 맛도 자극적이거나 조미료 맛 안 느껴지게 담백한 맛이고요. 볶음밥 레벨까지는 너무도 어려웠다는 ㅎㅎㅎ 깔끔하고 담백한 맛 원하시는 분들은 드셔보세요, 그런데 센 간 좋아하시는 분들은 약간 슴슴하다 느껴지실듯 해요^^ ', '어쨌든 열심히 끓여서 먹어보려고 한입했는데 먹을수록 자꾸 탄맛이 나는거 같아서 고기도 한점먹고 국물도 한입먹고 우거지고 한점먹어보니 우거지에서 약간 살짝 탄향이 베인것같은 맛이 나더라구요 ', '그러니 당연히 고기도 맛이 없고 국물도 맛이 없어요. 맛있게 라면까지 끓이는 영상에 좋아요 비린맛. ']",국물이 조미료 맛도 하나도 안나고 텁텁하지도 않아요! 잡내도 없구요. 우거지도 너무너무 충분해요. 다만 우거지에서 약간 탄향이 베인 것 같은 맛이 났어요.
gjs,total,4109175465.csv,[이제이푸드스토리] 치즈볼 크림 라이스 체다 서울 흑미 서울 진우 식품 선택구매,"['제 입맛에는 보부가 가장 맛있네요~ 찐한 모짜렐라 치즈의 풍미가 풍성합니다! 굿투베이크 진우식품 서울식품 모두 치즈 맛이 비슷했습니다. ', '진우식품 -뛰기기전에는 조금만 해동되어도 잘 붙음  배송되었을때도 모양이 눌러져 와서 다시 한개씩 굴려서  지퍼백에 서로 간격두고 소포장에서 냉동함 -튀겨서 자르면 치즈가 흘러내림 -겉이 서울식품보다 딱딱해지고 단맛이더남, 바닐라향도 많이남(치즈향인지도...) 아이는 치즈가 늘어나는 것보고 진우식품치즈볼을 더 선호했으나 제 입맛에는 서울식품이 더 담백하고 덜달고 쫄깃해서 좋네요. ', '모짜렐라는 셋다 쫄깃ㆍ고소ㆍ짭쪼름하고 라이스찰치즈볼과 모짜치즈볼과치즈볼화이트구매했어요 ', '제 입맛에는 보부가 가장 맛있네요~ 찐한 모짜렐라 치즈의 풍미가 풍성합니다! 굿투베이크 진우식품 서울식품 모두 치즈 맛이 비슷했습니다. ', '좀 더 크림치즈맛 나면서 bhc치즈볼과 더 흡사한 맛임 ', '쫀득하고 달콤하고 아주 맛있습니다!! 비에이치씨 치즈볼이랑은 아예다른데 이건 이거대로 진짜 맛있어요! ', '에프에 돌리면 밀가루맛 엄청 심하고 진짜 맛없어요. 너무 맛없어서 후기가 왜이렇게 좋은거지하고봤는데 기름에 튀긴 사람만 맛있다고 제발 기름에 튀겨먹으라는 후기를 보고 기름에 다시 튀겼는데 맛있었어요. 그래도 싼 가격에 맛있게 먹어서 다음에 재구매 의사있어요. ', '맛 없어요.. 크림치즈가 아니고 싸구려 슈크림 같은 맛나요... ', '아진짜 댓글에 보부꺼 리뷰 많다고 그래서 믿어보고 구매했는데 맛 없어요. 에프에 돌리던 튀기던 밀가루 맛 나구요 피가 두꺼워서 질겨요. 그리고 안에 모짜 싸구려 모짜라 그런지 니맛도 내맛도 아닙니다... ', '치즈볼 안에 치즈도 거의 안 들어있고 내용물은 달달한연유맛만나네요 ']",모짜렐라 치즈의 풍미가 풍성하고 쫄깃하고 고소해요! 다만 에어프라이어에 돌리면 밀가루 맛 엄청 심하게 나니 기름에 튀겨드세요.
gjs,total,4714757836.csv,잇메이트 볶음밥 1팩 골라담기 / 닭가슴살 김치 양송이 갈비 갈릭 현미 냉동 몬스터,"['전자레인지에 돌리고 치즈 한장 올려서 먹으면 진짜 맛있어요ㅠㅠ 다이어트에게 최고 행복이에용 ', '이 치료 중이라 군것질 전혀 안 하고 반찬도 딱딱한 건 먹지 않는데 방금 씹은 첨부된 사진에 있는 걸 씹고 나서 이가 또 아파오네요.. ', '볶음밥은 안짜고 맛있어요 ', '어쨌든 후기 보니까 짜다고 하시는 분도 있던데 저한텐 적당했고 너무 맛있어서 재구매 의향은 있습니다~ ', '저번에 시켜먹고 맛있어서 재구매했어요! 소시지도 많고 고추맛이 있어서 매콤하고 좋아요~ ', '물건받아서 매콤제육 먹어봤는데 맛있네요 야채두 제법있구 맛있게 먹었어요 ', '(소세지볶음밥) 현미볶음밥만 시켰는데 소세지도 맛있네요 ', '엄청 맛있어요😍😍 현미밥 김치라고 하길래 맵거나 자극적이면 어쩌나 걱정했는데 전혀~ 제가 딱 좋아하는 슴슴한 맛이예요! 양송이도 맛있지만 김치맛을 더 추천합니다👍🏼 ', '닭 비린내가 조금 나요ㅜㅜ ', '하나 먹어봤는데 조미료 맛이 강하네요. ']",후기 보니까 짜다고 하시는 분도 계시던데 저한텐 안짜고 맛있었어요. 슴슴하고 맵지 않았어요. 다만 닭비린내가 좀 났어요.
gjs,total,4928203403.csv,로뎀푸드 서울마님죽 호박죽 외 골라담기 8팩 주문시 증정품+6(랜덤),"['시골 할머니댁에 보내드렸는데  죽이 간도 세지않고 맛있다고 하셔서 또 보내드리려구요 ', '간도 적당하고 일반 다른죽들은 죽인지 미음인지 모르겟다 싶을때가 많은데 이건 진짜 레알 죽인것 같아요. 일단 맛있어요 종류별로 많이 시켜서 먹어봣는데 다음에 걸러야지 할것도 없이 다 맛있어서 당황햇어요. ', '죽이 신선하고 적당하게 간도 맞아서 아주 맛나게 잘 먹었습니다 ', '너무달지도않고맛있어요 단팥죽 달콤팥죽 둘다샀는데 단팥죽이 더단것같아요 ', '인공죽 같지않고 먹을만 해요.. ', '호박죽도맛있고 인절미도 맛있어요 ', '아침에나 입맛없을때 간단히 먹기좋고 맛도좋아요 ', '아무튼 맛있게 잘먹겠습니다~ 새우죽 지금 조리해서 먹고있는데 간도 쎄지도않고 삼삼하니 맛있어요ㅎㅎ ', '맛은괜찮은데 낙지죽이 너무매워요 ', '팥죽이 간편하고 맛있네요. ']",간도 세지 않고 전체적으로 맛있어요. 인공죽이나 미음같지 않은 진짜 죽이에요. 다만 낙지죽은 매울 수 있어요.
gjs,total,218741783.csv,[추억의국민학교떡볶이] 국떡 골라담기 설맞이 구매수량별 /떡볶이/간식,"['그럴때 매운맛 한팩 뜯어서 해먹으면 스트레스 확 날아가요. 알싸하게 매운맛인데 뒷맛이 깔끔해요. 딱 기분좋은 매운맛입니다. 맛있게 매운 음식 찾기가 좀 어려운데 매떡 매운맛은 맛있게 매워요! ', '라면사리 추가해도 맛있구요 라면사리 넣을경우엔 물엿 두바퀴 둘러주시면 더 맛있습니다. 냉동떡볶이중엔 젤 맛있는듯요!!! ', '진짜너무너무 간단하게 만들기좋았고 맛도 너무 맛있었어요. ', '소스도 매운맛소스, 단맛소스 나눠져 있으니까 취향에 따라 단맛조절도 가능하다는 점이 매력있는거 같아요. 사은품으로 라면사리랑 치즈떡 같은것도 보내주셔서 국물도 자작하니 라면사리를 추가로 넣어 먹어도 좋구요! 소스가 단짠단짠으로 적당히 달콤하고 매워서 술술 들어갑니다 ㅎㅎ 제가 밀떡을 좋아하는데 국떡은 떡도 식감이 야들야들~ 부드러워요. 어묵 또한 맛있어요. 젤 제입맛에 잘 맞는건 통후추맛! 칼칼한 국물떡볶이인데 진짜 맛있어요. ', 'ㅠㅠ아 역시 여전히 존맛탱.... 떡이 좀 달라진 느낌이지만 그래도 맛나요 ㅠㅠ 피망잡채만두랑 중국당면도 존맛탱.... ', '가격도 착하고 맛도 좋다고하여 신제품 &lt;뉴트로 크림후추&gt;를 구매해보았어요~  일단 떡볶이 조리방법이 간단하고 고급 어묵인 고래사 어묵이 들어있네요! 떡이 쫄깃하고 살짠 매콤하지만 크림의 부드러움이 조화를 이루어 정말 새롭고 매력적인 맛이더라구요~ 명태로 만든 고래사 어묵은 탱글탱글해서 식감을 더해주고 자꾸 먹고싶은 &lt;뉴트로 크림후추&gt; 떡볶이네요~ ', '국물맛도 진하고 맛있어요. ', '검정봉지 소스가 달아서 다음번엔 조금 줄여서 넣으면 더 맛있을것같아요. 떡이 참 쫄깃쫄깃해서 식감이 좋고, 조리시 양념과 떡을넣고 식용유에 볶은후 끓인다는점이 인상깊었어요. ', '. 그냥완전맛없음 ^^; 동네맛없어서 안가는떡볶이집보다 맛없음 결론은.. ', '깨가 들어있어서 약간의 고소함을 더해주는 역할이 전부인 것 같습니다. ']","매운맛 소스, 단맛 소스 나눠져 있어서 조절이 가능해요. 뒷맛이 깔끔한 기분좋은 매운맛입니다. 떡이 야들야들하고 쫄깃해서 좋아요~"
